layer,head,query_set,mean_entropy,uniform_baseline,n_queries
0,0,all_real,3.101217678756866,3.4790885780456233,78679
0,1,all_real,0.35298617779497354,3.4790885780456233,78679
0,2,all_real,3.1363005338935523,3.4790885780456233,78679
0,3,all_real,0.4027042726159982,3.4790885780456233,78679
0,4,all_real,1.240204578015444,3.4790885780456233,78679
0,5,all_real,0.8833573544105203,3.4790885780456233,78679
0,6,all_real,2.9412643519582704,3.4790885780456233,78679
0,7,all_real,1.807090774887239,3.4790885780456233,78679
0,8,all_real,2.9933009806382507,3.4790885780456233,78679
0,9,all_real,3.334905724293848,3.4790885780456233,78679
0,10,all_real,3.1103260187934603,3.4790885780456233,78679
0,11,all_real,3.347442558020553,3.4790885780456233,78679
1,0,all_real,1.9271594783022716,3.4790885780456233,78679
1,1,all_real,2.30625571588519,3.4790885780456233,78679
1,2,all_real,3.0245292675077073,3.4790885780456233,78679
1,3,all_real,1.8463469870310574,3.4790885780456233,78679
1,4,all_real,2.957509677415073,3.4790885780456233,78679
1,5,all_real,2.823941783045786,3.4790885780456233,78679
1,6,all_real,2.958935402867715,3.4790885780456233,78679
1,7,all_real,3.251061560210886,3.4790885780456233,78679
1,8,all_real,3.2818250381539107,3.4790885780456233,78679
1,9,all_real,3.123993189331092,3.4790885780456233,78679
1,10,all_real,3.251035342268757,3.4790885780456233,78679
1,11,all_real,1.209956565226695,3.4790885780456233,78679
2,0,all_real,2.106996321373165,3.4790885780456233,78679
2,1,all_real,2.6769168468094837,3.4790885780456233,78679
2,2,all_real,1.0905637831617796,3.4790885780456233,78679
2,3,all_real,1.7566354830245456,3.4790885780456233,78679
2,4,all_real,1.4374618593128212,3.4790885780456233,78679
2,5,all_real,1.6943166450019216,3.4790885780456233,78679
2,6,all_real,2.2719552757136783,3.4790885780456233,78679
2,7,all_real,3.081038134358565,3.4790885780456233,78679
2,8,all_real,1.6979148058883569,3.4790885780456233,78679
2,9,all_real,1.6926698872405035,3.4790885780456233,78679
2,10,all_real,2.719625383035008,3.4790885780456233,78679
2,11,all_real,1.8442945452534487,3.4790885780456233,78679
3,0,all_real,0.969092321158668,3.4790885780456233,78679
3,1,all_real,1.7739781194540247,3.4790885780456233,78679
3,2,all_real,1.4060524975779112,3.4790885780456233,78679
3,3,all_real,1.0141282514513048,3.4790885780456233,78679
3,4,all_real,1.5284116533431884,3.4790885780456233,78679
3,5,all_real,2.178082317524688,3.4790885780456233,78679
3,6,all_real,1.6251732886979375,3.4790885780456233,78679
3,7,all_real,1.4302995109428012,3.4790885780456233,78679
3,8,all_real,1.5040680737288261,3.4790885780456233,78679
3,9,all_real,1.5146587687146458,3.4790885780456233,78679
3,10,all_real,1.580947444993331,3.4790885780456233,78679
3,11,all_real,1.7099446409930772,3.4790885780456233,78679
4,0,all_real,1.2246877191220318,3.4790885780456233,78679
4,1,all_real,1.5360640818175806,3.4790885780456233,78679
4,2,all_real,1.7773106297078924,3.4790885780456233,78679
4,3,all_real,1.6116670951010286,3.4790885780456233,78679
4,4,all_real,1.7143510252977434,3.4790885780456233,78679
4,5,all_real,1.3805984858029583,3.4790885780456233,78679
4,6,all_real,1.8954648883786334,3.4790885780456233,78679
4,7,all_real,1.5986184125147758,3.4790885780456233,78679
4,8,all_real,1.6845112947072884,3.4790885780456233,78679
4,9,all_real,1.6544648069489754,3.4790885780456233,78679
4,10,all_real,1.508947629337714,3.4790885780456233,78679
4,11,all_real,0.005403364248529931,3.4790885780456233,78679
5,0,all_real,0.7235241895307561,3.4790885780456233,78679
5,1,all_real,0.12433083195532381,3.4790885780456233,78679
5,2,all_real,1.4299812703156187,3.4790885780456233,78679
5,3,all_real,1.9878913849707336,3.4790885780456233,78679
5,4,all_real,1.4236827125045994,3.4790885780456233,78679
5,5,all_real,0.7349505786466465,3.4790885780456233,78679
5,6,all_real,0.7156668775766128,3.4790885780456233,78679
5,7,all_real,0.9105318161304555,3.4790885780456233,78679
5,8,all_real,0.9368289990210182,3.4790885780456233,78679
5,9,all_real,1.3888286671692343,3.4790885780456233,78679
5,10,all_real,2.1845507864245297,3.4790885780456233,78679
5,11,all_real,1.66834479870711,3.4790885780456233,78679
6,0,all_real,1.7895624122467877,3.4790885780456233,78679
6,1,all_real,0.7666881057405742,3.4790885780456233,78679
6,2,all_real,1.911086379246814,3.4790885780456233,78679
6,3,all_real,1.3232255094894334,3.4790885780456233,78679
6,4,all_real,2.1895672971415574,3.4790885780456233,78679
6,5,all_real,1.5020003379613127,3.4790885780456233,78679
6,6,all_real,1.495551159333204,3.4790885780456233,78679
6,7,all_real,1.976352975881248,3.4790885780456233,78679
6,8,all_real,1.2630469353700549,3.4790885780456233,78679
6,9,all_real,0.24837103998423046,3.4790885780456233,78679
6,10,all_real,1.0141010059393287,3.4790885780456233,78679
6,11,all_real,1.3886798395759385,3.4790885780456233,78679
7,0,all_real,1.1203552551595395,3.4790885780456233,78679
7,1,all_real,1.1685444431421612,3.4790885780456233,78679
7,2,all_real,0.1729702118900749,3.4790885780456233,78679
7,3,all_real,1.2731621650711573,3.4790885780456233,78679
7,4,all_real,0.9541131718862131,3.4790885780456233,78679
7,5,all_real,1.9738919577112117,3.4790885780456233,78679
7,6,all_real,1.5546641465714022,3.4790885780456233,78679
7,7,all_real,0.7780211824194903,3.4790885780456233,78679
7,8,all_real,1.3388310797252307,3.4790885780456233,78679
7,9,all_real,1.109031700919252,3.4790885780456233,78679
7,10,all_real,0.3929645071342876,3.4790885780456233,78679
7,11,all_real,0.5611046766889624,3.4790885780456233,78679
8,0,all_real,1.5819617491620885,3.4790885780456233,78679
8,1,all_real,0.49941823148828696,3.4790885780456233,78679
8,2,all_real,2.164027829257872,3.4790885780456233,78679
8,3,all_real,1.3946894827479301,3.4790885780456233,78679
8,4,all_real,0.9402543813966284,3.4790885780456233,78679
8,5,all_real,1.7626473133811051,3.4790885780456233,78679
8,6,all_real,1.0165271563462328,3.4790885780456233,78679
8,7,all_real,1.2609882452315506,3.4790885780456233,78679
8,8,all_real,1.6542847885888643,3.4790885780456233,78679
8,9,all_real,1.5141732570072726,3.4790885780456233,78679
8,10,all_real,1.6987377272036468,3.4790885780456233,78679
8,11,all_real,1.5191504198786727,3.4790885780456233,78679
9,0,all_real,1.5346945356618353,3.4790885780456233,78679
9,1,all_real,0.6176285854676694,3.4790885780456233,78679
9,2,all_real,1.4303978509433213,3.4790885780456233,78679
9,3,all_real,1.5555929155098254,3.4790885780456233,78679
9,4,all_real,0.817761474299976,3.4790885780456233,78679
9,5,all_real,1.293840453880729,3.4790885780456233,78679
9,6,all_real,0.6883738238763019,3.4790885780456233,78679
9,7,all_real,1.4400786643914678,3.4790885780456233,78679
9,8,all_real,1.6579619132085048,3.4790885780456233,78679
9,9,all_real,0.6842491409365815,3.4790885780456233,78679
9,10,all_real,1.0594925579912795,3.4790885780456233,78679
9,11,all_real,0.7867524125104962,3.4790885780456233,78679
10,0,all_real,1.4893301654124806,3.4790885780456233,78679
10,1,all_real,0.8619527919416332,3.4790885780456233,78679
10,2,all_real,1.0445666744909117,3.4790885780456233,78679
10,3,all_real,1.5761894042219964,3.4790885780456233,78679
10,4,all_real,1.7754068331673918,3.4790885780456233,78679
10,5,all_real,0.9280246695993514,3.4790885780456233,78679
10,6,all_real,1.0783032330301503,3.4790885780456233,78679
10,7,all_real,1.617261141451488,3.4790885780456233,78679
10,8,all_real,0.8446509827600103,3.4790885780456233,78679
10,9,all_real,1.2960691120418997,3.4790885780456233,78679
10,10,all_real,1.1155774386850226,3.4790885780456233,78679
10,11,all_real,1.2352708414858466,3.4790885780456233,78679
11,0,all_real,2.939830976308095,3.4790885780456233,78679
11,1,all_real,1.5362117560420632,3.4790885780456233,78679
11,2,all_real,1.392932298017244,3.4790885780456233,78679
11,3,all_real,1.7706335122393448,3.4790885780456233,78679
11,4,all_real,2.0831802009617264,3.4790885780456233,78679
11,5,all_real,1.2712945698523923,3.4790885780456233,78679
11,6,all_real,1.155609303491086,3.4790885780456233,78679
11,7,all_real,1.4223460275138313,3.4790885780456233,78679
11,8,all_real,2.52020692819265,3.4790885780456233,78679
11,9,all_real,0.9830290364959959,3.4790885780456233,78679
11,10,all_real,1.9240812407251184,3.4790885780456233,78679
11,11,all_real,1.9187467395495308,3.4790885780456233,78679
0,0,experiment1_queries,3.668381335154125,4.116910190362618,46679
0,1,experiment1_queries,0.4615153883962071,4.116910190362618,46679
0,2,experiment1_queries,3.7233710029406692,4.116910190362618,46679
0,3,experiment1_queries,0.4206659831190027,4.116910190362618,46679
0,4,experiment1_queries,1.281439032730627,4.116910190362618,46679
0,5,experiment1_queries,1.1034785493139487,4.116910190362618,46679
0,6,experiment1_queries,3.471669023737569,4.116910190362618,46679
0,7,experiment1_queries,1.8962667673729972,4.116910190362618,46679
0,8,experiment1_queries,3.552705124933883,4.116910190362618,46679
0,9,experiment1_queries,3.9468691597974925,4.116910190362618,46679
0,10,experiment1_queries,3.652484819253119,4.116910190362618,46679
0,11,experiment1_queries,3.9887372244114094,4.116910190362618,46679
1,0,experiment1_queries,2.1013386053357768,4.116910190362618,46679
1,1,experiment1_queries,2.5443244031024226,4.116910190362618,46679
1,2,experiment1_queries,3.4992697214558772,4.116910190362618,46679
1,3,experiment1_queries,1.9691387354202654,4.116910190362618,46679
1,4,experiment1_queries,3.423710151105744,4.116910190362618,46679
1,5,experiment1_queries,3.3925386455489677,4.116910190362618,46679
1,6,experiment1_queries,3.5645081215608334,4.116910190362618,46679
1,7,experiment1_queries,3.896615524218851,4.116910190362618,46679
1,8,experiment1_queries,3.9472666974060435,4.116910190362618,46679
1,9,experiment1_queries,3.8215700712058718,4.116910190362618,46679
1,10,experiment1_queries,3.8826227948481695,4.116910190362618,46679
1,11,experiment1_queries,1.4256461113825405,4.116910190362618,46679
2,0,experiment1_queries,2.2906800848436775,4.116910190362618,46679
2,1,experiment1_queries,3.316836243081428,4.116910190362618,46679
2,2,experiment1_queries,1.1267891024618064,4.116910190362618,46679
2,3,experiment1_queries,1.8555391587518262,4.116910190362618,46679
2,4,experiment1_queries,1.5054705314152736,4.116910190362618,46679
2,5,experiment1_queries,1.7738901934112394,4.116910190362618,46679
2,6,experiment1_queries,2.6914867536735456,4.116910190362618,46679
2,7,experiment1_queries,3.585812410042314,4.116910190362618,46679
2,8,experiment1_queries,1.792845220674869,4.116910190362618,46679
2,9,experiment1_queries,1.761382876935411,4.116910190362618,46679
2,10,experiment1_queries,3.058626034084145,4.116910190362618,46679
2,11,experiment1_queries,2.080975496602188,4.116910190362618,46679
3,0,experiment1_queries,1.3057904229025847,4.116910190362618,46679
3,1,experiment1_queries,1.976794838752106,4.116910190362618,46679
3,2,experiment1_queries,1.4661933175339836,4.116910190362618,46679
3,3,experiment1_queries,1.0454939197069826,4.116910190362618,46679
3,4,experiment1_queries,2.039412245976388,4.116910190362618,46679
3,5,experiment1_queries,2.579349597976141,4.116910190362618,46679
3,6,experiment1_queries,1.7115159966812135,4.116910190362618,46679
3,7,experiment1_queries,1.491728514788206,4.116910190362618,46679
3,8,experiment1_queries,1.5779740768013812,4.116910190362618,46679
3,9,experiment1_queries,1.6382998825517778,4.116910190362618,46679
3,10,experiment1_queries,1.7804235207748234,4.116910190362618,46679
3,11,experiment1_queries,1.8347014904832413,4.116910190362618,46679
4,0,experiment1_queries,1.3079653378895186,4.116910190362618,46679
4,1,experiment1_queries,1.661967562766665,4.116910190362618,46679
4,2,experiment1_queries,2.152225479674821,4.116910190362618,46679
4,3,experiment1_queries,1.6837147708573859,4.116910190362618,46679
4,4,experiment1_queries,2.124779309529876,4.116910190362618,46679
4,5,experiment1_queries,1.4952373475279435,4.116910190362618,46679
4,6,experiment1_queries,2.0680761459569457,4.116910190362618,46679
4,7,experiment1_queries,1.7672788198721199,4.116910190362618,46679
4,8,experiment1_queries,2.2046038979577176,4.116910190362618,46679
4,9,experiment1_queries,1.8527298383018107,4.116910190362618,46679
4,10,experiment1_queries,1.9573180471722142,4.116910190362618,46679
4,11,experiment1_queries,0.005433376501222267,4.116910190362618,46679
5,0,experiment1_queries,0.9621075688364794,4.116910190362618,46679
5,1,experiment1_queries,0.16866840408090436,4.116910190362618,46679
5,2,experiment1_queries,1.5176589805163967,4.116910190362618,46679
5,3,experiment1_queries,2.2611656520334438,4.116910190362618,46679
5,4,experiment1_queries,1.5569005402463008,4.116910190362618,46679
5,5,experiment1_queries,0.9911282174481959,4.116910190362618,46679
5,6,experiment1_queries,0.7244116628193827,4.116910190362618,46679
5,7,experiment1_queries,1.0046277045010905,4.116910190362618,46679
5,8,experiment1_queries,1.0940359666690245,4.116910190362618,46679
5,9,experiment1_queries,1.8092286093422874,4.116910190362618,46679
5,10,experiment1_queries,2.6627402269035665,4.116910190362618,46679
5,11,experiment1_queries,2.037905246639301,4.116910190362618,46679
6,0,experiment1_queries,1.9294116889247526,4.116910190362618,46679
6,1,experiment1_queries,0.8522672508913572,4.116910190362618,46679
6,2,experiment1_queries,2.49666430400636,4.116910190362618,46679
6,3,experiment1_queries,1.5955807224006873,4.116910190362618,46679
6,4,experiment1_queries,2.6496617986546243,4.116910190362618,46679
6,5,experiment1_queries,1.7029472028459083,4.116910190362618,46679
6,6,experiment1_queries,1.8856338941667097,4.116910190362618,46679
6,7,experiment1_queries,2.246087669496883,4.116910190362618,46679
6,8,experiment1_queries,1.318679431928715,4.116910190362618,46679
6,9,experiment1_queries,0.3380631072604718,4.116910190362618,46679
6,10,experiment1_queries,1.3516023853208479,4.116910190362618,46679
6,11,experiment1_queries,1.5762397990662758,4.116910190362618,46679
7,0,experiment1_queries,1.1626080179043086,4.116910190362618,46679
7,1,experiment1_queries,1.4716232571239798,4.116910190362618,46679
7,2,experiment1_queries,0.22437245347106544,4.116910190362618,46679
7,3,experiment1_queries,1.4679279442771314,4.116910190362618,46679
7,4,experiment1_queries,1.0431271918119118,4.116910190362618,46679
7,5,experiment1_queries,2.3379007189161567,4.116910190362618,46679
7,6,experiment1_queries,1.957045763685992,4.116910190362618,46679
7,7,experiment1_queries,1.008164603421516,4.116910190362618,46679
7,8,experiment1_queries,1.4076524168767617,4.116910190362618,46679
7,9,experiment1_queries,1.304535847434488,4.116910190362618,46679
7,10,experiment1_queries,0.5210055204422618,4.116910190362618,46679
7,11,experiment1_queries,0.7706294445232259,4.116910190362618,46679
8,0,experiment1_queries,1.9658577976981662,4.116910190362618,46679
8,1,experiment1_queries,0.656165345010516,4.116910190362618,46679
8,2,experiment1_queries,2.730117696886371,4.116910190362618,46679
8,3,experiment1_queries,1.7401574925562242,4.116910190362618,46679
8,4,experiment1_queries,1.0378142013388607,4.116910190362618,46679
8,5,experiment1_queries,1.963563661914374,4.116910190362618,46679
8,6,experiment1_queries,1.2720121281846912,4.116910190362618,46679
8,7,experiment1_queries,1.3248752216364195,4.116910190362618,46679
8,8,experiment1_queries,2.0194378361379175,4.116910190362618,46679
8,9,experiment1_queries,1.8159616875003086,4.116910190362618,46679
8,10,experiment1_queries,2.0292443471650015,4.116910190362618,46679
8,11,experiment1_queries,1.805542659473431,4.116910190362618,46679
9,0,experiment1_queries,1.8569904994428235,4.116910190362618,46679
9,1,experiment1_queries,0.8334198970499156,4.116910190362618,46679
9,2,experiment1_queries,1.777795776027346,4.116910190362618,46679
9,3,experiment1_queries,1.6777025270995527,4.116910190362618,46679
9,4,experiment1_queries,1.078024839562628,4.116910190362618,46679
9,5,experiment1_queries,1.5938534467816086,4.116910190362618,46679
9,6,experiment1_queries,0.8973233013072733,4.116910190362618,46679
9,7,experiment1_queries,1.8045180419194542,4.116910190362618,46679
9,8,experiment1_queries,1.994080721445669,4.116910190362618,46679
9,9,experiment1_queries,0.9128082907429073,4.116910190362618,46679
9,10,experiment1_queries,1.1714758486809091,4.116910190362618,46679
9,11,experiment1_queries,1.1010978862832543,4.116910190362618,46679
10,0,experiment1_queries,1.8197279395218955,4.116910190362618,46679
10,1,experiment1_queries,1.1156256740033765,4.116910190362618,46679
10,2,experiment1_queries,1.3792262244396993,4.116910190362618,46679
10,3,experiment1_queries,2.0119373928621846,4.116910190362618,46679
10,4,experiment1_queries,2.2021283004251355,4.116910190362618,46679
10,5,experiment1_queries,1.0517261555154431,4.116910190362618,46679
10,6,experiment1_queries,1.373925049439358,4.116910190362618,46679
10,7,experiment1_queries,2.0432599657018153,4.116910190362618,46679
10,8,experiment1_queries,1.1406542635369854,4.116910190362618,46679
10,9,experiment1_queries,1.4254934288622476,4.116910190362618,46679
10,10,experiment1_queries,1.3973848846459085,4.116910190362618,46679
10,11,experiment1_queries,1.487280785646832,4.116910190362618,46679
11,0,experiment1_queries,3.497207947450298,4.116910190362618,46679
11,1,experiment1_queries,1.9299326591188608,4.116910190362618,46679
11,2,experiment1_queries,1.7435539662220678,4.116910190362618,46679
11,3,experiment1_queries,2.0380694682750633,4.116910190362618,46679
11,4,experiment1_queries,2.5989171445577854,4.116910190362618,46679
11,5,experiment1_queries,1.6207854809748394,4.116910190362618,46679
11,6,experiment1_queries,1.4730948839851306,4.116910190362618,46679
11,7,experiment1_queries,1.8045891875111801,4.116910190362618,46679
11,8,experiment1_queries,2.971434693306393,4.116910190362618,46679
11,9,experiment1_queries,1.2587713324549952,4.116910190362618,46679
11,10,experiment1_queries,2.301805904234208,4.116910190362618,46679
11,11,experiment1_queries,2.29651787046863,4.116910190362618,46679
0,0,experiment2_queries,3.6702404411821536,4.113200736195578,45679
0,1,experiment2_queries,0.4562775988465218,4.113200736195578,45679
0,2,experiment2_queries,3.720844333715553,4.113200736195578,45679
0,3,experiment2_queries,0.4029715886520389,4.113200736195578,45679
0,4,experiment2_queries,1.2691512896257444,4.113200736195578,45679
0,5,experiment2_queries,1.0587005241161311,4.113200736195578,45679
0,6,experiment2_queries,3.4741749161400826,4.113200736195578,45679
0,7,experiment2_queries,1.897940743752575,4.113200736195578,45679
0,8,experiment2_queries,3.562308164065553,4.113200736195578,45679
0,9,experiment2_queries,3.943806020314588,4.113200736195578,45679
0,10,experiment2_queries,3.647451555299092,4.113200736195578,45679
0,11,experiment2_queries,3.9849809578158775,4.113200736195578,45679
1,0,experiment2_queries,2.09041777791919,4.113200736195578,45679
1,1,experiment2_queries,2.543825188068613,4.113200736195578,45679
1,2,experiment2_queries,3.495579714136122,4.113200736195578,45679
1,3,experiment2_queries,1.964014548068889,4.113200736195578,45679
1,4,experiment2_queries,3.421968513075933,4.113200736195578,45679
1,5,experiment2_queries,3.387985545077506,4.113200736195578,45679
1,6,experiment2_queries,3.569287422406775,4.113200736195578,45679
1,7,experiment2_queries,3.89450429457677,4.113200736195578,45679
1,8,experiment2_queries,3.943635733000918,4.113200736195578,45679
1,9,experiment2_queries,3.817638859324709,4.113200736195578,45679
1,10,experiment2_queries,3.8796339731619995,4.113200736195578,45679
1,11,experiment2_queries,1.3841845388767162,4.113200736195578,45679
2,0,experiment2_queries,2.2858082911354374,4.113200736195578,45679
2,1,experiment2_queries,3.3112640082385973,4.113200736195578,45679
2,2,experiment2_queries,1.122338070231993,4.113200736195578,45679
2,3,experiment2_queries,1.850164956855373,4.113200736195578,45679
2,4,experiment2_queries,1.507797935287104,4.113200736195578,45679
2,5,experiment2_queries,1.7734869849370254,4.113200736195578,45679
2,6,experiment2_queries,2.69533628068613,4.113200736195578,45679
2,7,experiment2_queries,3.579988621744697,4.113200736195578,45679
2,8,experiment2_queries,1.7894811949293523,4.113200736195578,45679
2,9,experiment2_queries,1.75816039908681,4.113200736195578,45679
2,10,experiment2_queries,3.053729826912508,4.113200736195578,45679
2,11,experiment2_queries,2.0782847223861425,4.113200736195578,45679
3,0,experiment2_queries,1.2901034489148107,4.113200736195578,45679
3,1,experiment2_queries,1.9766259942409357,4.113200736195578,45679
3,2,experiment2_queries,1.4536827860843367,4.113200736195578,45679
3,3,experiment2_queries,1.0405856600316816,4.113200736195578,45679
3,4,experiment2_queries,2.0271557143128125,4.113200736195578,45679
3,5,experiment2_queries,2.5627870004638074,4.113200736195578,45679
3,6,experiment2_queries,1.6996906858038945,4.113200736195578,45679
3,7,experiment2_queries,1.4859577673801245,4.113200736195578,45679
3,8,experiment2_queries,1.5739485193589133,4.113200736195578,45679
3,9,experiment2_queries,1.6315537379809646,4.113200736195578,45679
3,10,experiment2_queries,1.7697344098905043,4.113200736195578,45679
3,11,experiment2_queries,1.8253820601822774,4.113200736195578,45679
4,0,experiment2_queries,1.30032959772986,4.113200736195578,45679
4,1,experiment2_queries,1.6612922004185389,4.113200736195578,45679
4,2,experiment2_queries,2.1483070457453235,4.113200736195578,45679
4,3,experiment2_queries,1.6690678958071323,4.113200736195578,45679
4,4,experiment2_queries,2.1083944485143764,4.113200736195578,45679
4,5,experiment2_queries,1.4884225365461392,4.113200736195578,45679
4,6,experiment2_queries,2.0507311505508174,4.113200736195578,45679
4,7,experiment2_queries,1.7582141214020524,4.113200736195578,45679
4,8,experiment2_queries,2.1793388860205294,4.113200736195578,45679
4,9,experiment2_queries,1.8376709948233088,4.113200736195578,45679
4,10,experiment2_queries,1.9486173331648136,4.113200736195578,45679
4,11,experiment2_queries,0.0051680183964724485,4.113200736195578,45679
5,0,experiment2_queries,0.96140024298749,4.113200736195578,45679
5,1,experiment2_queries,0.1667429140033665,4.113200736195578,45679
5,2,experiment2_queries,1.5005835429534997,4.113200736195578,45679
5,3,experiment2_queries,2.254146569958005,4.113200736195578,45679
5,4,experiment2_queries,1.548550712841178,4.113200736195578,45679
5,5,experiment2_queries,0.9814627798068114,4.113200736195578,45679
5,6,experiment2_queries,0.7302953128146192,4.113200736195578,45679
5,7,experiment2_queries,1.0084618169495636,4.113200736195578,45679
5,8,experiment2_queries,1.0853941446114062,4.113200736195578,45679
5,9,experiment2_queries,1.8052680424157008,4.113200736195578,45679
5,10,experiment2_queries,2.6491683003299147,4.113200736195578,45679
5,11,experiment2_queries,2.0277931008427346,4.113200736195578,45679
6,0,experiment2_queries,1.9294172121610806,4.113200736195578,45679
6,1,experiment2_queries,0.8500247528536066,4.113200736195578,45679
6,2,experiment2_queries,2.4859600950241005,4.113200736195578,45679
6,3,experiment2_queries,1.5629469075252285,4.113200736195578,45679
6,4,experiment2_queries,2.641242910121793,4.113200736195578,45679
6,5,experiment2_queries,1.6859291332644744,4.113200736195578,45679
6,6,experiment2_queries,1.874967269631896,4.113200736195578,45679
6,7,experiment2_queries,2.227928036309632,4.113200736195578,45679
6,8,experiment2_queries,1.3169592842286786,4.113200736195578,45679
6,9,experiment2_queries,0.3364868420839155,4.113200736195578,45679
6,10,experiment2_queries,1.3269279391089246,4.113200736195578,45679
6,11,experiment2_queries,1.5911899698354355,4.113200736195578,45679
7,0,experiment2_queries,1.1750994323694897,4.113200736195578,45679
7,1,experiment2_queries,1.4509322057730762,4.113200736195578,45679
7,2,experiment2_queries,0.22224972418510605,4.113200736195578,45679
7,3,experiment2_queries,1.4666201250597504,4.113200736195578,45679
7,4,experiment2_queries,1.0368994446719868,4.113200736195578,45679
7,5,experiment2_queries,2.329778857355128,4.113200736195578,45679
7,6,experiment2_queries,1.9303336701506728,4.113200736195578,45679
7,7,experiment2_queries,0.9958354936908048,4.113200736195578,45679
7,8,experiment2_queries,1.4074773935686298,4.113200736195578,45679
7,9,experiment2_queries,1.3190593301822404,4.113200736195578,45679
7,10,experiment2_queries,0.5135843567659528,4.113200736195578,45679
7,11,experiment2_queries,0.767383447635752,4.113200736195578,45679
8,0,experiment2_queries,1.97309960456706,4.113200736195578,45679
8,1,experiment2_queries,0.6494303824266966,4.113200736195578,45679
8,2,experiment2_queries,2.7142309049524957,4.113200736195578,45679
8,3,experiment2_queries,1.7154976741284322,4.113200736195578,45679
8,4,experiment2_queries,1.0489526048360187,4.113200736195578,45679
8,5,experiment2_queries,1.9724870286287397,4.113200736195578,45679
8,6,experiment2_queries,1.2557376182856814,4.113200736195578,45679
8,7,experiment2_queries,1.3409796353411532,4.113200736195578,45679
8,8,experiment2_queries,2.012237599252925,4.113200736195578,45679
8,9,experiment2_queries,1.7960193990431568,4.113200736195578,45679
8,10,experiment2_queries,2.018330211368085,4.113200736195578,45679
8,11,experiment2_queries,1.7960578883531833,4.113200736195578,45679
9,0,experiment2_queries,1.8463469016711882,4.113200736195578,45679
9,1,experiment2_queries,0.8216038030826092,4.113200736195578,45679
9,2,experiment2_queries,1.7629079464903745,4.113200736195578,45679
9,3,experiment2_queries,1.692302523158619,4.113200736195578,45679
9,4,experiment2_queries,1.0431862884370557,4.113200736195578,45679
9,5,experiment2_queries,1.5970889761658693,4.113200736195578,45679
9,6,experiment2_queries,0.8771205828966842,4.113200736195578,45679
9,7,experiment2_queries,1.78091317320521,4.113200736195578,45679
9,8,experiment2_queries,1.986358368271199,4.113200736195578,45679
9,9,experiment2_queries,0.8863776888944102,4.113200736195578,45679
9,10,experiment2_queries,1.1797251210412463,4.113200736195578,45679
9,11,experiment2_queries,1.1010779010825529,4.113200736195578,45679
10,0,experiment2_queries,1.8092641659134319,4.113200736195578,45679
10,1,experiment2_queries,1.0948080154043545,4.113200736195578,45679
10,2,experiment2_queries,1.364899392898438,4.113200736195578,45679
10,3,experiment2_queries,2.0003577974041438,4.113200736195578,45679
10,4,experiment2_queries,2.207017664355522,4.113200736195578,45679
10,5,experiment2_queries,1.039469382929734,4.113200736195578,45679
10,6,experiment2_queries,1.3556731963005915,4.113200736195578,45679
10,7,experiment2_queries,2.026221990086504,4.113200736195578,45679
10,8,experiment2_queries,1.131429736094639,4.113200736195578,45679
10,9,experiment2_queries,1.4111235562279965,4.113200736195578,45679
10,10,experiment2_queries,1.377726316216581,4.113200736195578,45679
10,11,experiment2_queries,1.4797323458565856,4.113200736195578,45679
11,0,experiment2_queries,3.501899067045717,4.113200736195578,45679
11,1,experiment2_queries,1.9041780145700133,4.113200736195578,45679
11,2,experiment2_queries,1.7236467354501903,4.113200736195578,45679
11,3,experiment2_queries,2.0232920934154786,4.113200736195578,45679
11,4,experiment2_queries,2.5886479237990985,4.113200736195578,45679
11,5,experiment2_queries,1.5965721564089193,4.113200736195578,45679
11,6,experiment2_queries,1.449046330221175,4.113200736195578,45679
11,7,experiment2_queries,1.7795203712584806,4.113200736195578,45679
11,8,experiment2_queries,2.981506735305204,4.113200736195578,45679
11,9,experiment2_queries,1.2375648908643957,4.113200736195578,45679
11,10,experiment2_queries,2.2914438184816035,4.113200736195578,45679
11,11,experiment2_queries,2.2809381465658745,4.113200736195578,45679
