layer,head,category,behavior_flags,normalized_entropy,self_attention,previous_attention,article_enrichment,period_enrichment,x,y
0,0,broad,broad,0.8865315440532108,0.024074677916114434,0.038407696133076666,0.7510119502818182,0.6411064455526345,0.0194434403083186,-0.26646908965540084
0,1,self,self;focused,0.09514802952392803,0.8302462896912618,0.0011140002209930051,0.9604985718986536,1.107312642056815,-0.38683236726477316,-0.38159206194702305
0,2,broad,broad,0.8948343360161248,0.05566553510262084,0.030189082813136738,0.7507087111900781,1.4776926768321497,-0.006735354766728223,-0.2599330733328676
0,3,self,self,0.1284741012316858,0.8490747383810477,0.0778716064115564,0.7548642301579668,0.6677977640319455,-0.4333487373754591,-0.26492915455182414
0,4,self,self,0.3835183324287895,0.5822052404789544,0.13979081222635353,0.5702940140312481,0.6886255154353689,-0.34374538394165005,-0.20363103276897804
0,5,self,self,0.24618018683565457,0.6304948592677654,0.0017491057798488382,1.1295968385700796,0.31910738766491087,-0.2804101977169572,-0.4077226538556742
0,6,broad,broad,0.8427310435105984,0.03480807073448239,0.04672897004365087,0.2875926891392783,0.2707583014694607,0.0345711715092899,-0.3040710263497751
0,7,punctuation-enriched,punctuation-enriched,0.5457000783831496,0.17752842677327524,0.29675684732315905,1.3306191049215494,2.32428871907502,-0.3227953712673007,-0.1018563603934481
0,8,punctuation-enriched,punctuation-enriched;broad,0.8541771228016265,0.07165509300425696,0.039907793440593246,1.7247996663980782,2.143012100314147,-0.06127164019338677,-0.28359465339033113
0,9,broad,broad,0.9512911652468372,0.026863622968214047,0.0355525162597234,1.100248828657694,1.4457832700460351,-0.015096743033770836,-0.24708765261434276
0,10,broad,broad,0.8961879578264874,0.16638474437528078,0.030894321628187765,1.085031652205538,1.3925318169924903,-0.06949475590017888,-0.250697464590747
0,11,broad,broad,0.9556670870772819,0.017087963078922422,0.015673610273690308,0.9712978168301526,1.4013059983338345,0.04921695543392433,-0.2583465317335147
1,0,other,,0.5700988576803613,0.12003892177618386,0.31087594837628935,1.465040786483962,1.1259327846664893,-0.28143701527518833,-0.09861578353728785
1,1,punctuation-enriched,punctuation-enriched,0.6773653497136674,0.11002548072636872,0.1667323004874037,1.08264572180591,3.716612886214801,-0.22308556608663999,-0.14057106031347194
1,2,broad,broad,0.8635564376731935,0.0805864639272356,0.07186852199589465,0.8576429542044463,1.2261454749126734,-0.11812338867906368,-0.23117892032325757
1,3,article-enriched,article-enriched,0.5590600098157038,0.029777904546626155,0.0270648024151333,2.272461004116502,0.5630585278903923,0.034455363693611206,0.01260952681425764
1,4,broad,broad,0.8479508634402437,0.07861077863159685,0.0671648658821543,1.1331998703405264,0.8872648203024438,-0.04883140681588516,-0.1308593483203942
1,5,punctuation-enriched,punctuation-enriched,0.7994484649032949,0.11647551039565847,0.025329050156208715,1.2532551300689605,1.969197094410339,-0.027608003814066626,-0.24006096727513737
1,6,broad,broad,0.8321856387429931,0.042403505369480086,0.04013736322802185,1.2247828684815893,1.5543259896216521,0.03521940702214559,-0.219090878634669
1,7,broad,broad,0.9187632347350108,0.02796430326425497,0.02868563410068394,1.1344331983676772,1.965307250365854,0.009289452455501633,-0.22096711224196852
1,8,broad,broad,0.9238263063151252,0.01484845765196383,0.016197572557898908,1.5893259983691748,1.4623443766937771,0.051344591010937884,-0.19876377307547669
1,9,broad,broad,0.8674614718238872,0.010269801425758597,0.011863580975244273,1.9257982021253426,0.38505438331601,0.08808273895124898,-0.18050757396198006
1,10,broad,broad,0.9188518609803183,0.04820438873108347,0.04478435502453523,0.936847243939468,1.255122718124589,-0.0831413035671901,-0.31755941309051294
1,11,self,self,0.3541736461657464,0.6561646385360538,0.008921360940402322,1.0422195457049748,1.357276865844174,-0.2571414489540892,-0.3312697979586008
2,0,other,,0.6218880857949927,0.10692749057020398,0.16550439318979043,0.9801965432654516,0.9338441262553197,-0.16404275515543948,-0.056436348717622285
2,1,other,,0.7411702254706097,0.018800976029342133,0.01646391419740993,1.5462047609274159,1.061260400842667,0.08234334372979298,-0.1219510344917083
2,2,previous-token,previous-token,0.3344237479010891,0.12159903467691274,0.5541133177041322,0.9386003043385124,1.7955990697373245,-0.36911489527663743,0.03397706626527044
2,3,article-enriched,article-enriched,0.525368559544967,0.1322094072033851,0.2539998121971741,2.6139684963710126,0.8144631438922546,-0.26942607249826916,-0.041866719375742954
2,4,article-enriched,article-enriched,0.43276681528146693,0.08875265426080933,0.28460231198375996,2.082228720015085,1.9403269391377798,-0.1791121291975563,0.07850923850815421
2,5,punctuation-enriched,punctuation-enriched,0.5124580275714065,0.1380472398739162,0.2804920600276134,1.0611070064921018,2.6103703497099127,-0.2800127848422724,-0.03145210006093477
2,6,no-op-like candidate,no-op-like candidate;punctuation-enriched,0.6400746393548549,0.08280024528496734,0.0717956381723102,1.3558125772661798,7.414294028806509,-0.08718835130983336,-0.1180972191430308
2,7,broad,broad,0.8890749983341351,0.04371049179482044,0.03950624324941553,1.3121835924443204,1.0956600725596035,-0.029825510058475235,-0.16002651418123032
2,8,other,,0.5107482487419978,0.11248449084394906,0.25563172500921905,1.1261726835139985,1.591018196405821,-0.25316096739410476,-0.01647489276905257
2,9,other,,0.5147147282140818,0.12878076908942157,0.3165753465832163,0.6414533678794766,1.3735545827354627,-0.2922981773231558,-0.01638307795832119
2,10,other,,0.7918571648020435,0.13310727894725327,0.1098701844155918,0.7906325182566925,1.0281421797789223,-0.1549605319303031,-0.18496616804362712
2,11,article-enriched,article-enriched,0.5350799820231337,0.07422510579970762,0.061540302222253804,2.0714723036650455,0.6538384523912414,-0.0007233243078117844,0.01803020934896846
3,0,article-enriched,article-enriched,0.2600078051729571,0.08040879013208609,0.0026100550053782543,2.465934303488632,0.5140251428643738,0.19019496690801668,0.07986395904612517
3,1,article-enriched,article-enriched;punctuation-enriched,0.5153265240096633,0.06001016569375989,0.09151020501970775,2.4880550834608552,2.9719870403886377,-0.08532730131585427,0.01172248584044609
3,2,article-enriched,article-enriched,0.43035672312752304,0.11039337354393956,0.3319865646301519,2.6632174375616864,0.8235916255413983,-0.26576574054987706,0.05534961576605574
3,3,other,,0.3129939005755156,0.07692747679053732,0.3108506706591183,1.8115572902617476,1.0209907502516333,-0.11860420339365611,0.163402954711561
3,4,article-enriched,article-enriched,0.4086186660217523,0.016256315822640702,0.010887977442979067,2.314323795648603,0.9863468242993153,0.11907521709417662,0.03685034101580798
3,5,article-enriched,article-enriched,0.6152295114355075,0.028562454449395,0.03463670221777576,2.0546050913108136,0.763330491029575,0.03113859935121059,-0.04269643000859149
3,6,other,,0.49160653588933845,0.15105499145917511,0.2650697671929419,1.1924811247686427,0.8273314772447625,-0.23226552183727767,0.00904141304906915
3,7,other,,0.4364126548330663,0.1208647292731416,0.3760516881753428,1.1242018339912143,1.0817658085754607,-0.24626255778037898,0.07098784295649824
3,8,punctuation-enriched,punctuation-enriched,0.45554333627922594,0.12578417500060374,0.25748166478427176,1.135421630066613,2.1533647207713837,-0.2090601999006421,0.04327355434426382
3,9,article-enriched,article-enriched,0.44981804958635085,0.07801722449418734,0.1447023488920325,2.0122039212313574,1.0796319933576037,-0.0991593699217139,0.05822508114404176
3,10,article-enriched,article-enriched,0.45814810246670323,0.15767301321800395,0.07049549597830801,2.126485468979071,0.7235944987972788,-0.012957968901255489,0.035243409289656295
3,11,other,,0.5091661487328083,0.09694213894637065,0.1879606974622055,1.3247584279859288,1.0808436274090734,-0.15220712436963965,0.01931724123632398
4,0,other,,0.3675065340487738,0.05447682536671748,0.18588370377831367,1.9356349628606322,0.41000005786389837,-0.15000982654290151,0.13642279722564143
4,1,other,,0.45346909132870816,0.061971815852363846,0.16522420129051923,1.7881318832573314,1.2905835249811461,-0.12363231768042585,0.06098425975622348
4,2,article-enriched,article-enriched,0.4970242477843474,0.015431684198944084,0.01856938696170628,2.5410275356059215,1.5406054523632893,0.06697303458906972,0.00038294001564557724
4,3,other,,0.4898437936043916,0.06632000830052893,0.17266975255925665,1.3659686430201576,0.30941205907852876,-0.1484954077827128,0.0572029716298048
4,4,article-enriched,article-enriched,0.4784643651475439,0.05299859273869061,0.04099548852207563,2.207939260921099,0.830085163206731,0.05644098212298439,0.02394588188244165
4,5,article-enriched,article-enriched,0.41087367166948235,0.054130470504666246,0.12464184742649152,2.2500758687607925,0.6681717518876253,-0.06737725628218812,0.09226254894165477
4,6,other,,0.5591797472925638,0.04570855748910884,0.09001639845797528,1.9213714366966934,0.688049727824219,-0.027743919495738557,0.013799474297172503
4,7,other,,0.4730660399402193,0.4722152190628224,0.12898151272845584,1.2393322775892932,0.9794083218836867,-0.19600482339939682,-0.09678982674489882
4,8,article-enriched,article-enriched,0.4559522693223912,0.019868494120448423,0.018056574879850726,2.1761396052446313,0.8114410597336945,0.09896416213049242,0.01825623523832247
4,9,article-enriched,article-enriched,0.4767917037080855,0.03302865965255242,0.07515132698941754,2.1243973547880755,0.2671982312988346,-0.03602238323295598,0.03463238407203717
4,10,article-enriched,article-enriched,0.40903833167760445,0.018962655817214284,0.010980801513917378,2.4217443470219244,1.5012219677440695,0.10664011433055312,0.04038675795313614
4,11,previous-token,previous-token;focused,0.001682986199975408,0.00044340763433331373,0.9986214083314525,1.0148498894815954,1.1233700969351172,-0.5144106503983061,0.17531782207227956
5,0,article-enriched,article-enriched,0.19647657818244796,0.01349321629581569,0.012222413179212067,2.5147116901177218,0.39561288425989377,0.1257587065167654,0.14852551829224958
5,1,article-enriched,article-enriched;focused,0.03294168364674812,0.0032903290338745523,0.0006541467589411533,2.8706886516855006,0.03965136871919361,0.16032680768303928,0.1873105674891525
5,2,article-enriched,article-enriched,0.4286906088986741,0.019707565992350212,0.12031688376356692,2.0343816779936565,0.16431372114968626,-0.050079463153683675,0.10054439898593973
5,3,other,,0.5719354709345069,0.03159215543000649,0.06230702245818009,1.9014823895678281,1.279844184997552,-0.03615551026955998,-0.014005269673145044
5,4,article-enriched,article-enriched,0.41738683424806927,0.047462047533075404,0.11617786363490398,2.039570371456393,0.3622795667752358,-0.04140757320748407,0.0746384770834117
5,5,article-enriched,article-enriched,0.1959610867327079,0.01089501281351238,0.00559556240595673,2.381074088299025,0.4681888573428755,0.16126488381090215,0.1490910009491527
5,6,article-enriched,article-enriched,0.22527480261734176,0.02535611732641208,0.2027763465683839,2.3748447375339845,0.17617037510314226,0.006694837012008912,0.1850153735376973
5,7,article-enriched,article-enriched,0.26763428489809715,0.03263771053964965,0.08480381460978126,2.311088843560865,0.12732236789525045,0.023284079022820856,0.1409643545474514
5,8,article-enriched,article-enriched,0.26701329791419165,0.02299257307515725,0.022288131727076617,2.5061911178835445,0.37172259943359454,0.0834845733628524,0.11974898853886719
5,9,article-enriched,article-enriched,0.37642187267584915,0.00865726371828156,0.009383430941860924,2.2644103844487953,0.5849286529123321,0.11694812062672912,0.056804356479301654
5,10,other,,0.6154901809128305,0.038107544213605696,0.04953357528281537,1.2670015859500752,0.8252296558592772,0.09419961938790863,-0.10404963677439741
5,11,article-enriched,article-enriched,0.4677042105400409,0.11591277810190839,0.02795166691371864,2.276109691051316,0.904787062851679,0.05052100119902874,0.016537035779122276
6,0,other,,0.5307524396938029,0.032505258365239154,0.14344501046310895,1.7686354776430986,0.45127452819102926,-0.11622037512723844,0.015569042565112828
6,1,article-enriched,article-enriched,0.22668164192890383,0.020415452444536356,0.04903002558042752,2.4802888457464594,0.1407840760765036,0.06945816591080439,0.14989039532446605
6,2,article-enriched,article-enriched,0.5159866384696383,0.014524060482295969,0.01565204521513991,2.1245597035009225,1.543865609122181,0.08966322670652743,-0.0018608986483553362
6,3,article-enriched,article-enriched,0.3700201824656923,0.014864732617130658,0.02029611087211439,2.3703562543879153,0.5407223807373364,0.07228341711734315,0.06636775177773975
6,4,other,,0.6195396136530936,0.023587937565510326,0.026692734638092994,1.6840581009039328,1.3837786930896934,0.08489637755700409,-0.06616405726127003
6,5,article-enriched,article-enriched,0.43656046418171807,0.061672901975466175,0.054636550484488094,2.198090541250056,0.8476949512181947,0.021207528356250744,0.048620656294187166
6,6,article-enriched,article-enriched,0.41453134718964796,0.08596523249524525,0.021527813090176994,2.2914057615405,0.9237938617558109,0.07075580131872096,0.04549072543092004
6,7,other,,0.5724096699403597,0.038682404699002054,0.07655324534700532,1.5867420107191876,0.4848746846374877,-0.0017635125320744206,-0.011464341913204824
6,8,other,,0.38484751110310467,0.02631189472131106,0.24775629910055133,1.7881349256933547,0.23404681873203173,-0.08567036772672783,0.12587444923988936
6,9,article-enriched,article-enriched;focused,0.06607706738781453,0.004292400075755897,0.0013213515444654804,2.759814122778862,0.10667336931956053,0.16053103164625251,0.17757513075483755
6,10,article-enriched,article-enriched,0.27341124568902014,0.01206636254199114,0.006963817807990406,2.5192314339537067,0.6645883605929715,0.12071340571855176,0.08949137884026387
6,11,article-enriched,article-enriched,0.4020661783446819,0.040385100678580595,0.1052606042049476,2.0669988188498336,0.5084987051617694,-0.030580163942423834,0.08020280740293179
7,0,article-enriched,article-enriched,0.3444627103040001,0.02682992507533183,0.22601213508689524,2.1669523703729223,0.32071061195181766,-0.08345006167142058,0.15094967834175274
7,1,article-enriched,article-enriched,0.32053452412358435,0.015098453356652117,0.00913385044488055,2.1970643575147673,0.7944635890590812,0.1552948598000704,0.06612132441788146
7,2,article-enriched,article-enriched;focused,0.04698565428227429,0.0032907856675735577,0.0009335105387557079,2.9381541872877404,0.02324691759763469,0.15460986759401837,0.17273545014709457
7,3,article-enriched,article-enriched,0.36416100433589343,0.040718029565368095,0.04700641090393936,2.250712835871251,0.5065302523290489,0.038903005333710446,0.0714130135482411
7,4,article-enriched,article-enriched,0.28160894789569485,0.014209489152428267,0.033844088094096655,2.553513172155121,0.13643703192105877,0.04083707782446261,0.12842491374823545
7,5,other,,0.5602077768857505,0.023958836475329773,0.05517569831087486,1.8928069352640084,1.3312332329154788,0.022366683491205974,-0.025617377238013828
7,6,article-enriched,article-enriched,0.4295447098789987,0.015615490761947766,0.012376374359321108,2.1756766185789367,0.9742998307806942,0.10694745280060836,0.03584234031741095
7,7,article-enriched,article-enriched,0.21423920026646887,0.011670393292691999,0.012440719627616338,2.551056619627971,0.440946646671397,0.1192601199655651,0.12574139567090345
7,8,other,,0.40305481079954675,0.031045476074297373,0.1235198166525434,1.8481847347588436,0.34626857968892305,-0.037782377483251646,0.11534797443372213
7,9,article-enriched,article-enriched,0.3126451654434057,0.023731174228353254,0.04148607146088961,2.3780406873459023,0.9710670624691575,0.04150057546166784,0.09670308258444846
7,10,article-enriched,article-enriched,0.10595250187325389,0.004981095428032242,0.0038520796929928003,2.6266272510858073,0.1375172630932521,0.15976054076607807,0.16298628014514877
7,11,article-enriched,article-enriched,0.14978028128355692,0.007702508073069437,0.006071029750436873,2.6888898219378823,0.20959233478493072,0.1405443486841058,0.14268252577655863
8,0,article-enriched,article-enriched,0.438600612896831,0.025302343392661495,0.017991644773291845,2.4082618913122626,1.451000246679647,0.08372482257268787,0.031229473555739934
8,1,article-enriched,article-enriched,0.13576165805160598,0.008558331297411475,0.004423689415294382,2.7453221178617935,0.10852451417299068,0.13751269106127925,0.14858405205549266
8,2,other,,0.5935826658456401,0.01702533365215449,0.016680336559957397,1.6791377816576283,1.8087538322515064,0.10802320600287929,-0.062119370986510214
8,3,article-enriched,article-enriched,0.3869840283457979,0.017306927001646554,0.014648807315469357,2.2372132431151366,0.931435560923161,0.12773943564180645,0.045772501045646556
8,4,article-enriched,article-enriched,0.27423545020604,0.03251010826825739,0.06460770293373576,2.4978291501164356,0.5079208858179888,0.03084650241224489,0.12408208860591169
8,5,other,,0.5136892378669112,0.03742555817502792,0.10232241197832732,1.8722714451524878,1.2046752510067702,-0.04732723136156664,0.02187101792057434
8,6,article-enriched,article-enriched,0.28533286889983106,0.020967168318214303,0.03099621879081389,2.3555452595183612,0.6929665732518577,0.10235284871669982,0.11696603750831966
8,7,article-enriched,article-enriched,0.38116897470008343,0.05137350521087089,0.19163272212264176,2.2287698580893944,0.49716359261384896,-0.0982458666416032,0.11994217185531175
8,8,other,,0.4642636154283192,0.025442623900530276,0.041805208378170186,1.7499291215366135,0.8919391279186354,0.07835234376116863,0.0033646149012388784
8,9,article-enriched,article-enriched,0.42930671629513983,0.02860667566579061,0.025405469299809937,2.227367893807753,0.5425675823327106,0.07722642361896954,0.042511434969275765
8,10,article-enriched,article-enriched,0.48027853575494794,0.057877874015250665,0.033942448620412916,2.110090231074987,1.1883283652266108,0.05043077007523776,0.030455686385298397
8,11,article-enriched,article-enriched,0.4321046423649325,0.015159085364464083,0.021030032026102173,2.0970273551378598,0.8762217769532707,0.11698426079111425,0.021045924071786987
9,0,other,,0.4353117460983212,0.02492843407865085,0.029198329583366076,1.733995839697161,0.37800119529338605,0.15707105272373445,-0.01439164284450999
9,1,article-enriched,article-enriched,0.16500215066936114,0.009524266457423937,0.006869209747524837,2.6808493448131467,0.35647680794271136,0.13747714361478724,0.12628321517979707
9,2,other,,0.39755358235075144,0.015013419364216829,0.017277031198820122,1.8537836651685804,0.607923240169449,0.15948690314185732,0.019282574572561998
9,3,other,,0.46496137568207035,0.04932013113021122,0.18481842823295339,1.902975388131391,1.4623257268147198,-0.08109276854388428,0.05810345885613392
9,4,article-enriched,article-enriched,0.22126532638804342,0.013294871186167168,0.0061487769318159715,2.6014280041776665,0.7617028870520706,0.14406165592602363,0.10467078329037414
9,5,article-enriched,article-enriched,0.361221726390376,0.032702664143002574,0.018489899199176787,2.398507703357524,0.3695750981860104,0.09210953533306063,0.06192653634233674
9,6,article-enriched,article-enriched,0.18710028137471268,0.004720943671443489,0.0038527881020122066,2.4879277554800168,0.08270772756344696,0.16340958879217754,0.11959091871258572
9,7,article-enriched,article-enriched,0.39756812014519677,0.01818692596946823,0.023263742897772173,2.217116114620642,1.2147179612253463,0.08525092574823537,0.050060865588599714
9,8,other,,0.47152232143262635,0.013578117519629392,0.01933388909792575,1.716243119260926,0.684757849503553,0.18161254110643488,-0.03596693830635988
9,9,article-enriched,article-enriched,0.18337678464355142,0.006564483918088746,0.003499010848485242,2.446098359197607,0.16379927755146184,0.16787040541222834,0.12169226649011869
9,10,article-enriched,article-enriched,0.3088501108411547,0.03254860873174508,0.0777063823102227,2.3565271405924553,0.44850914371298434,0.00279540218355205,0.12540047700296184
9,11,article-enriched,article-enriched,0.20606136996419297,0.006643093151844129,0.004745106208858625,2.6116003875419205,0.814906186139433,0.14296638837406647,0.11766191470804736
10,0,other,,0.41845821530964955,0.01140435328825997,0.012705322155219924,1.691709221737827,0.1414479012601428,0.19159020472375302,0.01089738583309004
10,1,article-enriched,article-enriched,0.23579268869685352,0.009451919786619231,0.00509810751991311,2.2799176797029803,0.08470509231703566,0.16348373817623926,0.10716433494776526
10,2,article-enriched,article-enriched,0.28248616237925916,0.01158794903512517,0.006626617573941782,2.262459573392488,0.6192621121952968,0.14661830695881106,0.08736612277670076
10,3,other,,0.4327923571354482,0.018378196043755457,0.0169813907793415,1.9387285772313283,1.838741468329176,0.14017816438270994,0.01237116180640384
10,4,punctuation-enriched,punctuation-enriched,0.4933392037059982,0.02302726611915633,0.024128052327294227,1.8799467623219053,2.093633320519685,0.10772975324211341,-0.01633782437591167
10,5,article-enriched,article-enriched,0.2694605385975437,0.025574534086434026,0.0316342140158503,2.5513759301562193,0.5853439566689724,0.05173070091729465,0.12295350249552307
10,6,article-enriched,article-enriched,0.29733926762940743,0.010388506399705275,0.008561392648242478,2.168718239402537,0.1676764837363703,0.15693137324235032,0.08046404116961842
10,7,other,,0.4458858968644178,0.030464471707087985,0.0233519983740401,1.8046457041567987,0.7105107817085166,0.13707862717079364,-0.0029931842003948408
10,8,article-enriched,article-enriched,0.2265513449037087,0.01372436308939682,0.005704019835834549,2.6536017108391157,0.5442299056065046,0.13119173398280087,0.10890517014902702
10,9,article-enriched,article-enriched,0.3812046159510324,0.06632012756527657,0.09165760156229327,2.1014657500240563,0.9780407378564159,-0.015033250252972887,0.09453725439973493
10,10,article-enriched,article-enriched,0.3092409611994512,0.008847659868668655,0.006322829695228881,2.2171209660580193,0.213534860514129,0.16642153462785364,0.07574051068344724
10,11,article-enriched,article-enriched,0.3517331700644771,0.03839679117004456,0.06409564209843119,2.284831330009811,0.5975059503170446,0.05897989989865593,0.13860887782268586
11,0,broad,broad,0.8415819142614908,0.0397912440491441,0.023485428327091495,1.325923901822894,1.0061653692917831,0.047121504450517444,-0.1863742273689626
11,1,article-enriched,article-enriched,0.4255795818626924,0.021745259269496782,0.012694938117608348,2.196204687479625,0.5506839050840439,0.12933303684878356,0.028102328755507146
11,2,article-enriched,article-enriched,0.3862359531029538,0.011279517359466366,0.007276023298040521,2.0960980968846328,0.6257477536749694,0.1578185275365868,0.04301075374896435
11,3,article-enriched,article-enriched,0.5139230606245571,0.030828445439962084,0.035971722683910794,2.073200585226734,1.4860186129845143,0.05923127351903179,-0.007471411284844088
11,4,other,,0.579465519589387,0.023982386020190673,0.014082390747957082,1.903868718611532,1.4087408259763934,0.10943836819586128,-0.02718374972760533
11,5,article-enriched,article-enriched,0.3488815885511346,0.01872663797369579,0.006515571304634479,2.246045793401554,0.5832069018515097,0.1359741090573706,0.06414469647837905
11,6,article-enriched,article-enriched,0.3187969752620851,0.008756192143251127,0.005014062628024858,2.2435226397366135,0.27153129693219746,0.1585341237362971,0.0745325183344859
11,7,article-enriched,article-enriched,0.39156599344023413,0.023918349642158075,0.009470246844471977,2.147140643966846,1.0845179944602648,0.13317952261731028,0.042682487294160514
11,8,punctuation-enriched,punctuation-enriched,0.7169617472025616,0.13375299895569084,0.08778134548625577,1.1018026712042592,2.121152337303468,-0.15602548584011008,-0.3253823741125258
11,9,article-enriched,article-enriched,0.2704917779961832,0.008346347391535338,0.004772148583432444,2.3213016884308617,0.19974632892613886,0.15424620815360965,0.09356940976555493
11,10,other,,0.5451836997471985,0.0488202403367933,0.04082287982361374,1.7540223057330426,1.3904767425778344,0.07401574417430433,-0.039620215136765426
11,11,punctuation-enriched,punctuation-enriched,0.5435019040134161,0.038357467125261446,0.040529001148157585,1.666748768892455,2.272220227933367,0.08156380654553698,-0.055238735679893014
