layer,head,offset,mean_attention,uniform_baseline,n_queries
0,0,0,0.024074677916114434,0.017406697573014468,46679
0,0,1,0.038407696133076666,0.017406697573014468,46679
0,0,2,0.03477658382633996,0.017406697573014468,46679
0,0,4,0.030934812702868752,0.017406697573014468,46679
0,0,8,0.026912756084484755,0.017406697573014468,46679
0,0,16,0.020713742816339326,0.017406697573014468,46679
0,0,32,0.01429107408732928,0.017406697573014468,46679
0,1,0,0.8302462896912618,0.017406697573014468,46679
0,1,1,0.0011140002209930051,0.017406697573014468,46679
0,1,2,0.003081650622637313,0.017406697573014468,46679
0,1,4,0.004783437990584429,0.017406697573014468,46679
0,1,8,0.005211449834352022,0.017406697573014468,46679
0,1,16,0.004494262379697558,0.017406697573014468,46679
0,1,32,0.002289855677505356,0.017406697573014468,46679
0,2,0,0.05566553510262084,0.017406697573014468,46679
0,2,1,0.030189082813136738,0.017406697573014468,46679
0,2,2,0.027331958588435623,0.017406697573014468,46679
0,2,4,0.026063065319982162,0.017406697573014468,46679
0,2,8,0.02378612519302435,0.017406697573014468,46679
0,2,16,0.019554694744478993,0.017406697573014468,46679
0,2,32,0.015007945455471412,0.017406697573014468,46679
0,3,0,0.8490747383810477,0.017406697573014468,46679
0,3,1,0.0778716064115564,0.017406697573014468,46679
0,3,2,0.02864566533811219,0.017406697573014468,46679
0,3,4,0.010946290331509647,0.017406697573014468,46679
0,3,8,0.0013933453717335387,0.017406697573014468,46679
0,3,16,2.4974973375809992e-05,0.017406697573014468,46679
0,3,32,5.7733849486332915e-06,0.017406697573014468,46679
0,4,0,0.5822052404789544,0.017406697573014468,46679
0,4,1,0.13979081222635353,0.017406697573014468,46679
0,4,2,0.06870496941952765,0.017406697573014468,46679
0,4,4,0.03753475547782255,0.017406697573014468,46679
0,4,8,0.01156850441182406,0.017406697573014468,46679
0,4,16,0.0011005303043107853,0.017406697573014468,46679
0,4,32,0.000352952643574096,0.017406697573014468,46679
0,5,0,0.6304948592677654,0.017406697573014468,46679
0,5,1,0.0017491057798488382,0.017406697573014468,46679
0,5,2,0.003873143193343784,0.017406697573014468,46679
0,5,4,0.0045856249916374145,0.017406697573014468,46679
0,5,8,0.005168139441847075,0.017406697573014468,46679
0,5,16,0.005455531204600902,0.017406697573014468,46679
0,5,32,0.006338424808539935,0.017406697573014468,46679
0,6,0,0.03480807073448239,0.017406697573014468,46679
0,6,1,0.04672897004365087,0.017406697573014468,46679
0,6,2,0.0372860483688159,0.017406697573014468,46679
0,6,4,0.031917553662544465,0.017406697573014468,46679
0,6,8,0.02732413412986885,0.017406697573014468,46679
0,6,16,0.020280626349778997,0.017406697573014468,46679
0,6,32,0.013518616548723507,0.017406697573014468,46679
0,7,0,0.17752842677327524,0.017406697573014468,46679
0,7,1,0.29675684732315905,0.017406697573014468,46679
0,7,2,0.1575038423793595,0.017406697573014468,46679
0,7,4,0.07446875822779647,0.017406697573014468,46679
0,7,8,0.017641665874684652,0.017406697573014468,46679
0,7,16,0.0010975797978528996,0.017406697573014468,46679
0,7,32,0.00037782424195436623,0.017406697573014468,46679
0,8,0,0.07165509300425696,0.017406697573014468,46679
0,8,1,0.039907793440593246,0.017406697573014468,46679
0,8,2,0.03738708387519834,0.017406697573014468,46679
0,8,4,0.03391151549406383,0.017406697573014468,46679
0,8,8,0.028655449988042106,0.017406697573014468,46679
0,8,16,0.020766011186194734,0.017406697573014468,46679
0,8,32,0.012127852331468337,0.017406697573014468,46679
0,9,0,0.026863622968214047,0.017406697573014468,46679
0,9,1,0.0355525162597234,0.017406697573014468,46679
0,9,2,0.0338933045081821,0.017406697573014468,46679
0,9,4,0.031632706284973396,0.017406697573014468,46679
0,9,8,0.027660004849564393,0.017406697573014468,46679
0,9,16,0.021190544968445014,0.017406697573014468,46679
0,9,32,0.014194766425463972,0.017406697573014468,46679
0,10,0,0.16638474437528078,0.017406697573014468,46679
0,10,1,0.030894321628187765,0.017406697573014468,46679
0,10,2,0.028979658259445533,0.017406697573014468,46679
0,10,4,0.027639439076667816,0.017406697573014468,46679
0,10,8,0.02471768612206132,0.017406697573014468,46679
0,10,16,0.01930926611722367,0.017406697573014468,46679
0,10,32,0.011907243615633605,0.017406697573014468,46679
0,11,0,0.017087963078922422,0.017406697573014468,46679
0,11,1,0.015673610273690308,0.017406697573014468,46679
0,11,2,0.01576990238888407,0.017406697573014468,46679
0,11,4,0.015424034918800131,0.017406697573014468,46679
0,11,8,0.014769507524035008,0.017406697573014468,46679
0,11,16,0.014129523840451474,0.017406697573014468,46679
0,11,32,0.017236052843655262,0.017406697573014468,46679
1,0,0,0.12003892177618386,0.017406697573014468,46679
1,0,1,0.31087594837628935,0.017406697573014468,46679
1,0,2,0.13924312755942958,0.017406697573014468,46679
1,0,4,0.06680080769987055,0.017406697573014468,46679
1,0,8,0.022897903004384396,0.017406697573014468,46679
1,0,16,0.003335874014515967,0.017406697573014468,46679
1,0,32,0.000849083314006759,0.017406697573014468,46679
1,1,0,0.11002548072636872,0.017406697573014468,46679
1,1,1,0.1667323004874037,0.017406697573014468,46679
1,1,2,0.12875240125515952,0.017406697573014468,46679
1,1,4,0.0836362399541599,0.017406697573014468,46679
1,1,8,0.03782936083543743,0.017406697573014468,46679
1,1,16,0.0074728475209823765,0.017406697573014468,46679
1,1,32,0.0010137399234187825,0.017406697573014468,46679
1,2,0,0.0805864639272356,0.017406697573014468,46679
1,2,1,0.07186852199589465,0.017406697573014468,46679
1,2,2,0.06641643027124147,0.017406697573014468,46679
1,2,4,0.05606786826884718,0.017406697573014468,46679
1,2,8,0.039892546740245255,0.017406697573014468,46679
1,2,16,0.02017818310633672,0.017406697573014468,46679
1,2,32,0.006082627737043059,0.017406697573014468,46679
1,3,0,0.029777904546626155,0.017406697573014468,46679
1,3,1,0.0270648024151333,0.017406697573014468,46679
1,3,2,0.024852777638423796,0.017406697573014468,46679
1,3,4,0.02076428157872902,0.017406697573014468,46679
1,3,8,0.01442645354585167,0.017406697573014468,46679
1,3,16,0.006951718589185891,0.017406697573014468,46679
1,3,32,0.01580786956998377,0.017406697573014468,46679
1,4,0,0.07861077863159685,0.017406697573014468,46679
1,4,1,0.0671648658821543,0.017406697573014468,46679
1,4,2,0.060768287080897355,0.017406697573014468,46679
1,4,4,0.04900142466112913,0.017406697573014468,46679
1,4,8,0.03234981504282132,0.017406697573014468,46679
1,4,16,0.0146816973777667,0.017406697573014468,46679
1,4,32,0.007659366707467846,0.017406697573014468,46679
1,5,0,0.11647551039565847,0.017406697573014468,46679
1,5,1,0.025329050156208715,0.017406697573014468,46679
1,5,2,0.023647141579846903,0.017406697573014468,46679
1,5,4,0.020560465979591682,0.017406697573014468,46679
1,5,8,0.019145768287768528,0.017406697573014468,46679
1,5,16,0.017201159746758943,0.017406697573014468,46679
1,5,32,0.014643059816481164,0.017406697573014468,46679
1,6,0,0.042403505369480086,0.017406697573014468,46679
1,6,1,0.04013736322802185,0.017406697573014468,46679
1,6,2,0.024054431709796015,0.017406697573014468,46679
1,6,4,0.020769300352374183,0.017406697573014468,46679
1,6,8,0.018945218334205642,0.017406697573014468,46679
1,6,16,0.017434581530571903,0.017406697573014468,46679
1,6,32,0.01674449641078974,0.017406697573014468,46679
1,7,0,0.02796430326425497,0.017406697573014468,46679
1,7,1,0.02868563410068394,0.017406697573014468,46679
1,7,2,0.027318573854937862,0.017406697573014468,46679
1,7,4,0.025786406676625524,0.017406697573014468,46679
1,7,8,0.023705494810947074,0.017406697573014468,46679
1,7,16,0.019734915712765488,0.017406697573014468,46679
1,7,32,0.015601708710024479,0.017406697573014468,46679
1,8,0,0.01484845765196383,0.017406697573014468,46679
1,8,1,0.016197572557898908,0.017406697573014468,46679
1,8,2,0.01614346777770548,0.017406697573014468,46679
1,8,4,0.01619018773639903,0.017406697573014468,46679
1,8,8,0.01628548328060703,0.017406697573014468,46679
1,8,16,0.016327747790844175,0.017406697573014468,46679
1,8,32,0.017488347437731942,0.017406697573014468,46679
1,9,0,0.010269801425758597,0.017406697573014468,46679
1,9,1,0.011863580975244273,0.017406697573014468,46679
1,9,2,0.011875497124907588,0.017406697573014468,46679
1,9,4,0.012077126895342504,0.017406697573014468,46679
1,9,8,0.012884121867015092,0.017406697573014468,46679
1,9,16,0.014423885939200519,0.017406697573014468,46679
1,9,32,0.019412687660659247,0.017406697573014468,46679
1,10,0,0.04820438873108347,0.017406697573014468,46679
1,10,1,0.04478435502453523,0.017406697573014468,46679
1,10,2,0.04243548741266596,0.017406697573014468,46679
1,10,4,0.03789084483035096,0.017406697573014468,46679
1,10,8,0.03008462272880281,0.017406697573014468,46679
1,10,16,0.018798637430532804,0.017406697573014468,46679
1,10,32,0.008274563004387104,0.017406697573014468,46679
1,11,0,0.6561646385360538,0.017406697573014468,46679
1,11,1,0.008921360940402322,0.017406697573014468,46679
1,11,2,0.01050379977636803,0.017406697573014468,46679
1,11,4,0.012066629930292588,0.017406697573014468,46679
1,11,8,0.01098278327859302,0.017406697573014468,46679
1,11,16,0.008062049637387735,0.017406697573014468,46679
1,11,32,0.004487272201799623,0.017406697573014468,46679
2,0,0,0.10692749057020398,0.017406697573014468,46679
2,0,1,0.16550439318979043,0.017406697573014468,46679
2,0,2,0.12525162631551925,0.017406697573014468,46679
2,0,4,0.0732796413896696,0.017406697573014468,46679
2,0,8,0.02860074747365995,0.017406697573014468,46679
2,0,16,0.00458489807409772,0.017406697573014468,46679
2,0,32,0.0033219443457623687,0.017406697573014468,46679
2,1,0,0.018800976029342133,0.017406697573014468,46679
2,1,1,0.01646391419740993,0.017406697573014468,46679
2,1,2,0.01619645180588167,0.017406697573014468,46679
2,1,4,0.015143168095485056,0.017406697573014468,46679
2,1,8,0.014650726328483047,0.017406697573014468,46679
2,1,16,0.01418123685027882,0.017406697573014468,46679
2,1,32,0.01893523414151156,0.017406697573014468,46679
2,2,0,0.12159903467691274,0.017406697573014468,46679
2,2,1,0.5541133177041322,0.017406697573014468,46679
2,2,2,0.17234180818658457,0.017406697573014468,46679
2,2,4,0.0241631886748295,0.017406697573014468,46679
2,2,8,0.0006598879437180047,0.017406697573014468,46679
2,2,16,9.058431507349452e-07,0.017406697573014468,46679
2,2,32,0.0008865870016610765,0.017406697573014468,46679
2,3,0,0.1322094072033851,0.017406697573014468,46679
2,3,1,0.2539998121971741,0.017406697573014468,46679
2,3,2,0.18417662085017514,0.017406697573014468,46679
2,3,4,0.08109853824121947,0.017406697573014468,46679
2,3,8,0.014639559753550914,0.017406697573014468,46679
2,3,16,0.0005585937007588969,0.017406697573014468,46679
2,3,32,0.0013784737835473514,0.017406697573014468,46679
2,4,0,0.08875265426080933,0.017406697573014468,46679
2,4,1,0.28460231198375996,0.017406697573014468,46679
2,4,2,0.12771848138410916,0.017406697573014468,46679
2,4,4,0.0471259865991518,0.017406697573014468,46679
2,4,8,0.007862940852663291,0.017406697573014468,46679
2,4,16,0.00027617502116804695,0.017406697573014468,46679
2,4,32,0.005822681790175387,0.017406697573014468,46679
2,5,0,0.1380472398739162,0.017406697573014468,46679
2,5,1,0.2804920600276134,0.017406697573014468,46679
2,5,2,0.19272089520547797,0.017406697573014468,46679
2,5,4,0.0764510568177789,0.017406697573014468,46679
2,5,8,0.010163279623573992,0.017406697573014468,46679
2,5,16,0.0002057834438366038,0.017406697573014468,46679
2,5,32,0.001284572477344127,0.017406697573014468,46679
2,6,0,0.08280024528496734,0.017406697573014468,46679
2,6,1,0.0717956381723102,0.017406697573014468,46679
2,6,2,0.06718360616041033,0.017406697573014468,46679
2,6,4,0.05516896407974728,0.017406697573014468,46679
2,6,8,0.038413209026910256,0.017406697573014468,46679
2,6,16,0.01737166564904566,0.017406697573014468,46679
2,6,32,0.006978335043835881,0.017406697573014468,46679
2,7,0,0.04371049179482044,0.017406697573014468,46679
2,7,1,0.03950624324941553,0.017406697573014468,46679
2,7,2,0.03615972604269782,0.017406697573014468,46679
2,7,4,0.031508784975096224,0.017406697573014468,46679
2,7,8,0.024403744978867447,0.017406697573014468,46679
2,7,16,0.015472410385266552,0.017406697573014468,46679
2,7,32,0.009699812210689293,0.017406697573014468,46679
2,8,0,0.11248449084394906,0.017406697573014468,46679
2,8,1,0.25563172500921905,0.017406697573014468,46679
2,8,2,0.16997756266739322,0.017406697573014468,46679
2,8,4,0.07877530657394057,0.017406697573014468,46679
2,8,8,0.016135660060959317,0.017406697573014468,46679
2,8,16,0.0007074106765864475,0.017406697573014468,46679
2,8,32,0.0019289779522819604,0.017406697573014468,46679
2,9,0,0.12878076908942157,0.017406697573014468,46679
2,9,1,0.3165753465832163,0.017406697573014468,46679
2,9,2,0.19573424949754584,0.017406697573014468,46679
2,9,4,0.06734132075676282,0.017406697573014468,46679
2,9,8,0.008707880791213683,0.017406697573014468,46679
2,9,16,0.00019345604740765996,0.017406697573014468,46679
2,9,32,0.001424397988818586,0.017406697573014468,46679
2,10,0,0.13310727894725327,0.017406697573014468,46679
2,10,1,0.1098701844155918,0.017406697573014468,46679
2,10,2,0.09182636897403082,0.017406697573014468,46679
2,10,4,0.06832344150882359,0.017406697573014468,46679
2,10,8,0.03979152330774016,0.017406697573014468,46679
2,10,16,0.014211075862750468,0.017406697573014468,46679
2,10,32,0.0029881776504477684,0.017406697573014468,46679
2,11,0,0.07422510579970762,0.017406697573014468,46679
2,11,1,0.061540302222253804,0.017406697573014468,46679
2,11,2,0.05209526680247901,0.017406697573014468,46679
2,11,4,0.03695338638334778,0.017406697573014468,46679
2,11,8,0.01884148424120904,0.017406697573014468,46679
2,11,16,0.005212217420196481,0.017406697573014468,46679
2,11,32,0.011879884658896996,0.017406697573014468,46679
3,0,0,0.08040879013208609,0.017406697573014468,46679
3,0,1,0.0026100550053782543,0.017406697573014468,46679
3,0,2,0.0019687501969019054,0.017406697573014468,46679
3,0,4,0.002678065696676626,0.017406697573014468,46679
3,0,8,0.003054471335783,0.017406697573014468,46679
3,0,16,0.003544097506061577,0.017406697573014468,46679
3,0,32,0.020703829802003363,0.017406697573014468,46679
3,1,0,0.06001016569375989,0.017406697573014468,46679
3,1,1,0.09151020501970775,0.017406697573014468,46679
3,1,2,0.08483962028230145,0.017406697573014468,46679
3,1,4,0.060098391441247505,0.017406697573014468,46679
3,1,8,0.028529430676478933,0.017406697573014468,46679
3,1,16,0.006320178041246611,0.017406697573014468,46679
3,1,32,0.007845694406833177,0.017406697573014468,46679
3,2,0,0.11039337354393956,0.017406697573014468,46679
3,2,1,0.3319865646301519,0.017406697573014468,46679
3,2,2,0.1714677096500878,0.017406697573014468,46679
3,2,4,0.05122240614787368,0.017406697573014468,46679
3,2,8,0.008146255526460418,0.017406697573014468,46679
3,2,16,0.0005003860957333004,0.017406697573014468,46679
3,2,32,0.00313910981697072,0.017406697573014468,46679
3,3,0,0.07692747679053732,0.017406697573014468,46679
3,3,1,0.3108506706591183,0.017406697573014468,46679
3,3,2,0.08109015191991786,0.017406697573014468,46679
3,3,4,0.012540277408831015,0.017406697573014468,46679
3,3,8,0.0013177334129709532,0.017406697573014468,46679
3,3,16,3.928697231466537e-05,0.017406697573014468,46679
3,3,32,0.009842436244260965,0.017406697573014468,46679
3,4,0,0.016256315822640702,0.017406697573014468,46679
3,4,1,0.010887977442979067,0.017406697573014468,46679
3,4,2,0.00825020714298717,0.017406697573014468,46679
3,4,4,0.00712070282964513,0.017406697573014468,46679
3,4,8,0.006727669433791584,0.017406697573014468,46679
3,4,16,0.006789184117346116,0.017406697573014468,46679
3,4,32,0.021390867940152766,0.017406697573014468,46679
3,5,0,0.028562454449395,0.017406697573014468,46679
3,5,1,0.03463670221777576,0.017406697573014468,46679
3,5,2,0.03174494687401008,0.017406697573014468,46679
3,5,4,0.028562204554691693,0.017406697573014468,46679
3,5,8,0.02290128629516496,0.017406697573014468,46679
3,5,16,0.013861773316047923,0.017406697573014468,46679
3,5,32,0.014626797438602157,0.017406697573014468,46679
3,6,0,0.15105499145917511,0.017406697573014468,46679
3,6,1,0.2650697671929419,0.017406697573014468,46679
3,6,2,0.15923435069293154,0.017406697573014468,46679
3,6,4,0.053142341605967904,0.017406697573014468,46679
3,6,8,0.01174809814792711,0.017406697573014468,46679
3,6,16,0.0012556383832760605,0.017406697573014468,46679
3,6,32,0.0034775847809524825,0.017406697573014468,46679
3,7,0,0.1208647292731416,0.017406697573014468,46679
3,7,1,0.3760516881753428,0.017406697573014468,46679
3,7,2,0.1635497356199867,0.017406697573014468,46679
3,7,4,0.035410239516456665,0.017406697573014468,46679
3,7,8,0.004247855012556966,0.017406697573014468,46679
3,7,16,0.00012778620500963764,0.017406697573014468,46679
3,7,32,0.003980100022012005,0.017406697573014468,46679
3,8,0,0.12578417500060374,0.017406697573014468,46679
3,8,1,0.25748166478427176,0.017406697573014468,46679
3,8,2,0.1637254225714586,0.017406697573014468,46679
3,8,4,0.05870362235733179,0.017406697573014468,46679
3,8,8,0.00938481243144044,0.017406697573014468,46679
3,8,16,0.00045865135017011325,0.017406697573014468,46679
3,8,32,0.004289464658489483,0.017406697573014468,46679
3,9,0,0.07801722449418734,0.017406697573014468,46679
3,9,1,0.1447023488920325,0.017406697573014468,46679
3,9,2,0.09180056767209396,0.017406697573014468,46679
3,9,4,0.044045371849291026,0.017406697573014468,46679
3,9,8,0.017828178624088666,0.017406697573014468,46679
3,9,16,0.0038534638547517187,0.017406697573014468,46679
3,9,32,0.00891222781102253,0.017406697573014468,46679
3,10,0,0.15767301321800395,0.017406697573014468,46679
3,10,1,0.07049549597830801,0.017406697573014468,46679
3,10,2,0.04475113987151308,0.017406697573014468,46679
3,10,4,0.024799336321578085,0.017406697573014468,46679
3,10,8,0.012131888238209822,0.017406697573014468,46679
3,10,16,0.003961600078749001,0.017406697573014468,46679
3,10,32,0.012040073627141955,0.017406697573014468,46679
3,11,0,0.09694213894637065,0.017406697573014468,46679
3,11,1,0.1879606974622055,0.017406697573014468,46679
3,11,2,0.12555540506580948,0.017406697573014468,46679
3,11,4,0.058222618716821946,0.017406697573014468,46679
3,11,8,0.019435511302106696,0.017406697573014468,46679
3,11,16,0.0027372311877245366,0.017406697573014468,46679
3,11,32,0.005702286621636052,0.017406697573014468,46679
4,0,0,0.05447682536671748,0.017406697573014468,46679
4,0,1,0.18588370377831367,0.017406697573014468,46679
4,0,2,0.11745257430010207,0.017406697573014468,46679
4,0,4,0.0542815545975834,0.017406697573014468,46679
4,0,8,0.015092270975672308,0.017406697573014468,46679
4,0,16,0.0022100103959632007,0.017406697573014468,46679
4,0,32,0.0072078598601549825,0.017406697573014468,46679
4,1,0,0.061971815852363846,0.017406697573014468,46679
4,1,1,0.16522420129051923,0.017406697573014468,46679
4,1,2,0.12515039527425512,0.017406697573014468,46679
4,1,4,0.057541503559487,0.017406697573014468,46679
4,1,8,0.016034031332515977,0.017406697573014468,46679
4,1,16,0.002232744553795661,0.017406697573014468,46679
4,1,32,0.007492609560672301,0.017406697573014468,46679
4,2,0,0.015431684198944084,0.017406697573014468,46679
4,2,1,0.01856938696170628,0.017406697573014468,46679
4,2,2,0.01886670693431854,0.017406697573014468,46679
4,2,4,0.01720195674753576,0.017406697573014468,46679
4,2,8,0.014224612786267672,0.017406697573014468,46679
4,2,16,0.010233615824416651,0.017406697573014468,46679
4,2,32,0.017498576962742197,0.017406697573014468,46679
4,3,0,0.06632000830052893,0.017406697573014468,46679
4,3,1,0.17266975255925665,0.017406697573014468,46679
4,3,2,0.1237032881160675,0.017406697573014468,46679
4,3,4,0.049887297029782715,0.017406697573014468,46679
4,3,8,0.017054675611099877,0.017406697573014468,46679
4,3,16,0.003924845458313766,0.017406697573014468,46679
4,3,32,0.007389670122610038,0.017406697573014468,46679
4,4,0,0.05299859273869061,0.017406697573014468,46679
4,4,1,0.04099548852207563,0.017406697573014468,46679
4,4,2,0.02057693637241558,0.017406697573014468,46679
4,4,4,0.011616602545887957,0.017406697573014468,46679
4,4,8,0.008278154290651858,0.017406697573014468,46679
4,4,16,0.007010924059678074,0.017406697573014468,46679
4,4,32,0.01808326716518274,0.017406697573014468,46679
4,5,0,0.054130470504666246,0.017406697573014468,46679
4,5,1,0.12464184742649152,0.017406697573014468,46679
4,5,2,0.08869195681158216,0.017406697573014468,46679
4,5,4,0.043539421939171145,0.017406697573014468,46679
4,5,8,0.013744007051192992,0.017406697573014468,46679
4,5,16,0.002452923027097786,0.017406697573014468,46679
4,5,32,0.010319561770027595,0.017406697573014468,46679
4,6,0,0.04570855748910884,0.017406697573014468,46679
4,6,1,0.09001639845797528,0.017406697573014468,46679
4,6,2,0.07036549286979919,0.017406697573014468,46679
4,6,4,0.044580741990054525,0.017406697573014468,46679
4,6,8,0.021304503399080976,0.017406697573014468,46679
4,6,16,0.005730448017653078,0.017406697573014468,46679
4,6,32,0.010513459326345646,0.017406697573014468,46679
4,7,0,0.4722152190628224,0.017406697573014468,46679
4,7,1,0.12898151272845584,0.017406697573014468,46679
4,7,2,0.0434141469299755,0.017406697573014468,46679
4,7,4,0.021817531129003795,0.017406697573014468,46679
4,7,8,0.011347097684089183,0.017406697573014468,46679
4,7,16,0.004795755085929879,0.017406697573014468,46679
4,7,32,0.004254355131122635,0.017406697573014468,46679
4,8,0,0.019868494120448423,0.017406697573014468,46679
4,8,1,0.018056574879850726,0.017406697573014468,46679
4,8,2,0.013273183833633295,0.017406697573014468,46679
4,8,4,0.010872595086541951,0.017406697573014468,46679
4,8,8,0.009449847987844312,0.017406697573014468,46679
4,8,16,0.008480339783533396,0.017406697573014468,46679
4,8,32,0.02009044189367736,0.017406697573014468,46679
4,9,0,0.03302865965255242,0.017406697573014468,46679
4,9,1,0.07515132698941754,0.017406697573014468,46679
4,9,2,0.06584266292589816,0.017406697573014468,46679
4,9,4,0.043591699671313294,0.017406697573014468,46679
4,9,8,0.023621442455626012,0.017406697573014468,46679
4,9,16,0.00745470356224961,0.017406697573014468,46679
4,9,32,0.010620335418729443,0.017406697573014468,46679
4,10,0,0.018962655817214284,0.017406697573014468,46679
4,10,1,0.010980801513917378,0.017406697573014468,46679
4,10,2,0.008627536854226403,0.017406697573014468,46679
4,10,4,0.007355050677542508,0.017406697573014468,46679
4,10,8,0.006733273924417172,0.017406697573014468,46679
4,10,16,0.006523321742971734,0.017406697573014468,46679
4,10,32,0.020541329342627195,0.017406697573014468,46679
4,11,0,0.00044340763433331373,0.017406697573014468,46679
4,11,1,0.9986214083314525,0.017406697573014468,46679
4,11,2,0.0007147798957441731,0.017406697573014468,46679
4,11,4,4.759824224964377e-05,0.017406697573014468,46679
4,11,8,2.24899084490221e-06,0.017406697573014468,46679
4,11,16,6.988964262627884e-09,0.017406697573014468,46679
4,11,32,4.2612466307874646e-08,0.017406697573014468,46679
5,0,0,0.01349321629581569,0.017406697573014468,46679
5,0,1,0.012222413179212067,0.017406697573014468,46679
5,0,2,0.0090176183471745,0.017406697573014468,46679
5,0,4,0.00694954654042458,0.017406697573014468,46679
5,0,8,0.005995409417765988,0.017406697573014468,46679
5,0,16,0.004715356396319664,0.017406697573014468,46679
5,0,32,0.02092239360437729,0.017406697573014468,46679
5,1,0,0.0032903290338745523,0.017406697573014468,46679
5,1,1,0.0006541467589411533,0.017406697573014468,46679
5,1,2,0.00054014234333765,0.017406697573014468,46679
5,1,4,0.0006705913423944329,0.017406697573014468,46679
5,1,8,0.0011805344967318928,0.017406697573014468,46679
5,1,16,0.001379134970268959,0.017406697573014468,46679
5,1,32,0.021354076368597846,0.017406697573014468,46679
5,2,0,0.019707565992350212,0.017406697573014468,46679
5,2,1,0.12031688376356692,0.017406697573014468,46679
5,2,2,0.0806904906712189,0.017406697573014468,46679
5,2,4,0.03866951909465198,0.017406697573014468,46679
5,2,8,0.015652689277994153,0.017406697573014468,46679
5,2,16,0.004241489046871094,0.017406697573014468,46679
5,2,32,0.011242434370075473,0.017406697573014468,46679
5,3,0,0.03159215543000649,0.017406697573014468,46679
5,3,1,0.06230702245818009,0.017406697573014468,46679
5,3,2,0.06310181154115596,0.017406697573014468,46679
5,3,4,0.048730337643133184,0.017406697573014468,46679
5,3,8,0.028708940567956018,0.017406697573014468,46679
5,3,16,0.011115462066228708,0.017406697573014468,46679
5,3,32,0.010350873842914249,0.017406697573014468,46679
5,4,0,0.047462047533075404,0.017406697573014468,46679
5,4,1,0.11617786363490398,0.017406697573014468,46679
5,4,2,0.07959498494011531,0.017406697573014468,46679
5,4,4,0.03965445406840678,0.017406697573014468,46679
5,4,8,0.014688752062738702,0.017406697573014468,46679
5,4,16,0.003203654924630666,0.017406697573014468,46679
5,4,32,0.010993149643420495,0.017406697573014468,46679
5,5,0,0.01089501281351238,0.017406697573014468,46679
5,5,1,0.00559556240595673,0.017406697573014468,46679
5,5,2,0.005200323086859129,0.017406697573014468,46679
5,5,4,0.004977619322550031,0.017406697573014468,46679
5,5,8,0.005586129848616714,0.017406697573014468,46679
5,5,16,0.005458422370740387,0.017406697573014468,46679
5,5,32,0.02123984366090973,0.017406697573014468,46679
5,6,0,0.02535611732641208,0.017406697573014468,46679
5,6,1,0.2027763465683839,0.017406697573014468,46679
5,6,2,0.029521853729296745,0.017406697573014468,46679
5,6,4,0.0032001760393251012,0.017406697573014468,46679
5,6,8,0.0011914168857749354,0.017406697573014468,46679
5,6,16,0.0004655045138664858,0.017406697573014468,46679
5,6,32,0.015232316514859505,0.017406697573014468,46679
5,7,0,0.03263771053964965,0.017406697573014468,46679
5,7,1,0.08480381460978126,0.017406697573014468,46679
5,7,2,0.04797534129006266,0.017406697573014468,46679
5,7,4,0.019501258407295843,0.017406697573014468,46679
5,7,8,0.008646090559876144,0.017406697573014468,46679
5,7,16,0.0026001904924092987,0.017406697573014468,46679
5,7,32,0.014966072227623374,0.017406697573014468,46679
5,8,0,0.02299257307515725,0.017406697573014468,46679
5,8,1,0.022288131727076617,0.017406697573014468,46679
5,8,2,0.02057923338159532,0.017406697573014468,46679
5,8,4,0.016414077401616885,0.017406697573014468,46679
5,8,8,0.01133796988375367,0.017406697573014468,46679
5,8,16,0.005470732750480622,0.017406697573014468,46679
5,8,32,0.01709263093808442,0.017406697573014468,46679
5,9,0,0.00865726371828156,0.017406697573014468,46679
5,9,1,0.009383430941860924,0.017406697573014468,46679
5,9,2,0.00794747822098995,0.017406697573014468,46679
5,9,4,0.007380704127834192,0.017406697573014468,46679
5,9,8,0.006982708769604145,0.017406697573014468,46679
5,9,16,0.006402593757809508,0.017406697573014468,46679
5,9,32,0.0210155547503141,0.017406697573014468,46679
5,10,0,0.038107544213605696,0.017406697573014468,46679
5,10,1,0.04953357528281537,0.017406697573014468,46679
5,10,2,0.02780687614594069,0.017406697573014468,46679
5,10,4,0.01853960496976719,0.017406697573014468,46679
5,10,8,0.014021556166761989,0.017406697573014468,46679
5,10,16,0.01172361500987615,0.017406697573014468,46679
5,10,32,0.01706120392952215,0.017406697573014468,46679
5,11,0,0.11591277810190839,0.017406697573014468,46679
5,11,1,0.02795166691371864,0.017406697573014468,46679
5,11,2,0.017933289604943368,0.017406697573014468,46679
5,11,4,0.01268814351777753,0.017406697573014468,46679
5,11,8,0.009242372948310576,0.017406697573014468,46679
5,11,16,0.006863911037265902,0.017406697573014468,46679
5,11,32,0.016532823655206905,0.017406697573014468,46679
6,0,0,0.032505258365239154,0.017406697573014468,46679
6,0,1,0.14344501046310895,0.017406697573014468,46679
6,0,2,0.11693025991451397,0.017406697573014468,46679
6,0,4,0.059653105178544566,0.017406697573014468,46679
6,0,8,0.02173593432717851,0.017406697573014468,46679
6,0,16,0.006593578892643357,0.017406697573014468,46679
6,0,32,0.007642914919274989,0.017406697573014468,46679
6,1,0,0.020415452444536356,0.017406697573014468,46679
6,1,1,0.04903002558042752,0.017406697573014468,46679
6,1,2,0.02865338315816037,0.017406697573014468,46679
6,1,4,0.016818240335813372,0.017406697573014468,46679
6,1,8,0.008686187420879976,0.017406697573014468,46679
6,1,16,0.002879098205107405,0.017406697573014468,46679
6,1,32,0.016773511462597993,0.017406697573014468,46679
6,2,0,0.014524060482295969,0.017406697573014468,46679
6,2,1,0.01565204521513991,0.017406697573014468,46679
6,2,2,0.015390331089021747,0.017406697573014468,46679
6,2,4,0.014317687380047824,0.017406697573014468,46679
6,2,8,0.012245658452983216,0.017406697573014468,46679
6,2,16,0.009771246885043787,0.017406697573014468,46679
6,2,32,0.019627698146565873,0.017406697573014468,46679
6,3,0,0.014864732617130658,0.017406697573014468,46679
6,3,1,0.02029611087211439,0.017406697573014468,46679
6,3,2,0.020337718949566437,0.017406697573014468,46679
6,3,4,0.018966055248289856,0.017406697573014468,46679
6,3,8,0.014055570595278422,0.017406697573014468,46679
6,3,16,0.0074601549113593795,0.017406697573014468,46679
6,3,32,0.017177657686553445,0.017406697573014468,46679
6,4,0,0.023587937565510326,0.017406697573014468,46679
6,4,1,0.026692734638092994,0.017406697573014468,46679
6,4,2,0.020901512783205362,0.017406697573014468,46679
6,4,4,0.016066526907365545,0.017406697573014468,46679
6,4,8,0.013146779771266959,0.017406697573014468,46679
6,4,16,0.01101807186808991,0.017406697573014468,46679
6,4,32,0.018061178994739715,0.017406697573014468,46679
6,5,0,0.061672901975466175,0.017406697573014468,46679
6,5,1,0.054636550484488094,0.017406697573014468,46679
6,5,2,0.03996371163284784,0.017406697573014468,46679
6,5,4,0.025054401813231906,0.017406697573014468,46679
6,5,8,0.013505613757962472,0.017406697573014468,46679
6,5,16,0.005165505800052437,0.017406697573014468,46679
6,5,32,0.014411255156667182,0.017406697573014468,46679
6,6,0,0.08596523249524525,0.017406697573014468,46679
6,6,1,0.021527813090176994,0.017406697573014468,46679
6,6,2,0.013121951449066608,0.017406697573014468,46679
6,6,4,0.009416784783602063,0.017406697573014468,46679
6,6,8,0.007384896418827932,0.017406697573014468,46679
6,6,16,0.005963973704404823,0.017406697573014468,46679
6,6,32,0.01837805284132356,0.017406697573014468,46679
6,7,0,0.038682404699002054,0.017406697573014468,46679
6,7,1,0.07655324534700532,0.017406697573014468,46679
6,7,2,0.05998504507943661,0.017406697573014468,46679
6,7,4,0.03846945100833112,0.017406697573014468,46679
6,7,8,0.02203402737711882,0.017406697573014468,46679
6,7,16,0.009463903595216455,0.017406697573014468,46679
6,7,32,0.011791332290292725,0.017406697573014468,46679
6,8,0,0.02631189472131106,0.017406697573014468,46679
6,8,1,0.24775629910055133,0.017406697573014468,46679
6,8,2,0.0980174643481846,0.017406697573014468,46679
6,8,4,0.02644674472526116,0.017406697573014468,46679
6,8,8,0.007305730089644595,0.017406697573014468,46679
6,8,16,0.0014334066361824578,0.017406697573014468,46679
6,8,32,0.010364652019129178,0.017406697573014468,46679
6,9,0,0.004292400075755897,0.017406697573014468,46679
6,9,1,0.0013213515444654804,0.017406697573014468,46679
6,9,2,0.0012920781734074378,0.017406697573014468,46679
6,9,4,0.001430112579128575,0.017406697573014468,46679
6,9,8,0.0016902445917596947,0.017406697573014468,46679
6,9,16,0.001952512870663969,0.017406697573014468,46679
6,9,32,0.02153434336746541,0.017406697573014468,46679
6,10,0,0.01206636254199114,0.017406697573014468,46679
6,10,1,0.006963817807990406,0.017406697573014468,46679
6,10,2,0.005663239590845734,0.017406697573014468,46679
6,10,4,0.004932119713673412,0.017406697573014468,46679
6,10,8,0.004720022303233525,0.017406697573014468,46679
6,10,16,0.004462794671591335,0.017406697573014468,46679
6,10,32,0.02127968020544749,0.017406697573014468,46679
6,11,0,0.040385100678580595,0.017406697573014468,46679
6,11,1,0.1052606042049476,0.017406697573014468,46679
6,11,2,0.07452676115169404,0.017406697573014468,46679
6,11,4,0.04069819911121572,0.017406697573014468,46679
6,11,8,0.01654456644234364,0.017406697573014468,46679
6,11,16,0.0041382246866267505,0.017406697573014468,46679
6,11,32,0.011930260384439511,0.017406697573014468,46679
7,0,0,0.02682992507533183,0.017406697573014468,46679
7,0,1,0.22601213508689524,0.017406697573014468,46679
7,0,2,0.10075123160059601,0.017406697573014468,46679
7,0,4,0.02809198091814204,0.017406697573014468,46679
7,0,8,0.005583515158294878,0.017406697573014468,46679
7,0,16,0.0008695203525599009,0.017406697573014468,46679
7,0,32,0.010860843438202499,0.017406697573014468,46679
7,1,0,0.015098453356652117,0.017406697573014468,46679
7,1,1,0.00913385044488055,0.017406697573014468,46679
7,1,2,0.007374856648593895,0.017406697573014468,46679
7,1,4,0.006070522114407318,0.017406697573014468,46679
7,1,8,0.005455101899502024,0.017406697573014468,46679
7,1,16,0.005089544395419736,0.017406697573014468,46679
7,1,32,0.020710161276667274,0.017406697573014468,46679
7,2,0,0.0032907856675735577,0.017406697573014468,46679
7,2,1,0.0009335105387557079,0.017406697573014468,46679
7,2,2,0.000633342493389686,0.017406697573014468,46679
7,2,4,0.0005549426142192469,0.017406697573014468,46679
7,2,8,0.0006481135110500551,0.017406697573014468,46679
7,2,16,0.0007200339687597508,0.017406697573014468,46679
7,2,32,0.021316354550025205,0.017406697573014468,46679
7,3,0,0.040718029565368095,0.017406697573014468,46679
7,3,1,0.04700641090393936,0.017406697573014468,46679
7,3,2,0.03817724809840267,0.017406697573014468,46679
7,3,4,0.024119598395375468,0.017406697573014468,46679
7,3,8,0.01237188906020744,0.017406697573014468,46679
7,3,16,0.0045685086100228115,0.017406697573014468,46679
7,3,32,0.01543659674333706,0.017406697573014468,46679
7,4,0,0.014209489152428267,0.017406697573014468,46679
7,4,1,0.033844088094096655,0.017406697573014468,46679
7,4,2,0.03383169586120359,0.017406697573014468,46679
7,4,4,0.02392581265801806,0.017406697573014468,46679
7,4,8,0.011565355497547704,0.017406697573014468,46679
7,4,16,0.003670185431796808,0.017406697573014468,46679
7,4,32,0.016029346670669156,0.017406697573014468,46679
7,5,0,0.023958836475329773,0.017406697573014468,46679
7,5,1,0.05517569831087486,0.017406697573014468,46679
7,5,2,0.04533744215649094,0.017406697573014468,46679
7,5,4,0.029337157463738283,0.017406697573014468,46679
7,5,8,0.01720800722692781,0.017406697573014468,46679
7,5,16,0.010411745253270684,0.017406697573014468,46679
7,5,32,0.01479150226416905,0.017406697573014468,46679
7,6,0,0.015615490761947766,0.017406697573014468,46679
7,6,1,0.012376374359321108,0.017406697573014468,46679
7,6,2,0.010557486745231721,0.017406697573014468,46679
7,6,4,0.00930171409962797,0.017406697573014468,46679
7,6,8,0.008351771028921416,0.017406697573014468,46679
7,6,16,0.0073231440876053615,0.017406697573014468,46679
7,6,32,0.02000811317972079,0.017406697573014468,46679
7,7,0,0.011670393292691999,0.017406697573014468,46679
7,7,1,0.012440719627616338,0.017406697573014468,46679
7,7,2,0.0101381255497877,0.017406697573014468,46679
7,7,4,0.00845766797801646,0.017406697573014468,46679
7,7,8,0.00671789723674231,0.017406697573014468,46679
7,7,16,0.004337411496588003,0.017406697573014468,46679
7,7,32,0.020572467266134167,0.017406697573014468,46679
7,8,0,0.031045476074297373,0.017406697573014468,46679
7,8,1,0.1235198166525434,0.017406697573014468,46679
7,8,2,0.06854775264106795,0.017406697573014468,46679
7,8,4,0.03310518691656645,0.017406697573014468,46679
7,8,8,0.013901369522115289,0.017406697573014468,46679
7,8,16,0.004265178612313911,0.017406697573014468,46679
7,8,32,0.011613248830313784,0.017406697573014468,46679
7,9,0,0.023731174228353254,0.017406697573014468,46679
7,9,1,0.04148607146088961,0.017406697573014468,46679
7,9,2,0.03791690281920759,0.017406697573014468,46679
7,9,4,0.027237706187890568,0.017406697573014468,46679
7,9,8,0.014529627843451487,0.017406697573014468,46679
7,9,16,0.004678020792514326,0.017406697573014468,46679
7,9,32,0.015525685809868205,0.017406697573014468,46679
7,10,0,0.004981095428032242,0.017406697573014468,46679
7,10,1,0.0038520796929928003,0.017406697573014468,46679
7,10,2,0.0028526234045670074,0.017406697573014468,46679
7,10,4,0.00241994765954767,0.017406697573014468,46679
7,10,8,0.0024976660801587316,0.017406697573014468,46679
7,10,16,0.002666522806267751,0.017406697573014468,46679
7,10,32,0.021282995172898188,0.017406697573014468,46679
7,11,0,0.007702508073069437,0.017406697573014468,46679
7,11,1,0.006071029750436873,0.017406697573014468,46679
7,11,2,0.005194426232300194,0.017406697573014468,46679
7,11,4,0.004785159117651752,0.017406697573014468,46679
7,11,8,0.003983981349741957,0.017406697573014468,46679
7,11,16,0.0031171888922701366,0.017406697573014468,46679
7,11,32,0.021301255078893574,0.017406697573014468,46679
8,0,0,0.025302343392661495,0.017406697573014468,46679
8,0,1,0.017991644773291845,0.017406697573014468,46679
8,0,2,0.014751370576967985,0.017406697573014468,46679
8,0,4,0.011745899597342303,0.017406697573014468,46679
8,0,8,0.009106656562056512,0.017406697573014468,46679
8,0,16,0.0071993920580575455,0.017406697573014468,46679
8,0,32,0.019183590868517703,0.017406697573014468,46679
8,1,0,0.008558331297411475,0.017406697573014468,46679
8,1,1,0.004423689415294382,0.017406697573014468,46679
8,1,2,0.00418131684206679,0.017406697573014468,46679
8,1,4,0.00451519981957888,0.017406697573014468,46679
8,1,8,0.004407651145160594,0.017406697573014468,46679
8,1,16,0.0031748896739612308,0.017406697573014468,46679
8,1,32,0.020887450097996377,0.017406697573014468,46679
8,2,0,0.01702533365215449,0.017406697573014468,46679
8,2,1,0.016680336559957397,0.017406697573014468,46679
8,2,2,0.01544266547557044,0.017406697573014468,46679
8,2,4,0.01428644855395507,0.017406697573014468,46679
8,2,8,0.013428055530174038,0.017406697573014468,46679
8,2,16,0.012264263635226353,0.017406697573014468,46679
8,2,32,0.019017802570413946,0.017406697573014468,46679
8,3,0,0.017306927001646554,0.017406697573014468,46679
8,3,1,0.014648807315469357,0.017406697573014468,46679
8,3,2,0.013263875067875151,0.017406697573014468,46679
8,3,4,0.01153218497775711,0.017406697573014468,46679
8,3,8,0.009579632355442295,0.017406697573014468,46679
8,3,16,0.007421937205900682,0.017406697573014468,46679
8,3,32,0.01948635413221911,0.017406697573014468,46679
8,4,0,0.03251010826825739,0.017406697573014468,46679
8,4,1,0.06460770293373576,0.017406697573014468,46679
8,4,2,0.04211439460802952,0.017406697573014468,46679
8,4,4,0.02229759961568619,0.017406697573014468,46679
8,4,8,0.009384218456323775,0.017406697573014468,46679
8,4,16,0.002696873713526553,0.017406697573014468,46679
8,4,32,0.015583819253522741,0.017406697573014468,46679
8,5,0,0.03742555817502792,0.017406697573014468,46679
8,5,1,0.10232241197832732,0.017406697573014468,46679
8,5,2,0.07672535259274511,0.017406697573014468,46679
8,5,4,0.04561798950286738,0.017406697573014468,46679
8,5,8,0.02181105336616699,0.017406697573014468,46679
8,5,16,0.0071019054591300815,0.017406697573014468,46679
8,5,32,0.010132480168631275,0.017406697573014468,46679
8,6,0,0.020967168318214303,0.017406697573014468,46679
8,6,1,0.03099621879081389,0.017406697573014468,46679
8,6,2,0.017975744249590232,0.017406697573014468,46679
8,6,4,0.011951354936416051,0.017406697573014468,46679
8,6,8,0.00834109517700405,0.017406697573014468,46679
8,6,16,0.005482242786099733,0.017406697573014468,46679
8,6,32,0.019198471655114818,0.017406697573014468,46679
8,7,0,0.05137350521087089,0.017406697573014468,46679
8,7,1,0.19163272212264176,0.017406697573014468,46679
8,7,2,0.09836899712572646,0.017406697573014468,46679
8,7,4,0.03835964346935792,0.017406697573014468,46679
8,7,8,0.010032821032734833,0.017406697573014468,46679
8,7,16,0.0018662950068453633,0.017406697573014468,46679
8,7,32,0.00955290637701744,0.017406697573014468,46679
8,8,0,0.025442623900530276,0.017406697573014468,46679
8,8,1,0.041805208378170186,0.017406697573014468,46679
8,8,2,0.032452502251301675,0.017406697573014468,46679
8,8,4,0.02347560896961515,0.017406697573014468,46679
8,8,8,0.016092292768965035,0.017406697573014468,46679
8,8,16,0.009566489509357833,0.017406697573014468,46679
8,8,32,0.01642313902259822,0.017406697573014468,46679
8,9,0,0.02860667566579061,0.017406697573014468,46679
8,9,1,0.025405469299809937,0.017406697573014468,46679
8,9,2,0.020020439362499972,0.017406697573014468,46679
8,9,4,0.014766453851107933,0.017406697573014468,46679
8,9,8,0.01050731855237198,0.017406697573014468,46679
8,9,16,0.006874172531647119,0.017406697573014468,46679
8,9,32,0.018101510429773374,0.017406697573014468,46679
8,10,0,0.057877874015250665,0.017406697573014468,46679
8,10,1,0.033942448620412916,0.017406697573014468,46679
8,10,2,0.027008215524287296,0.017406697573014468,46679
8,10,4,0.02003637457788204,0.017406697573014468,46679
8,10,8,0.013574854889424316,0.017406697573014468,46679
8,10,16,0.007980496523701084,0.017406697573014468,46679
8,10,32,0.015725577700732015,0.017406697573014468,46679
8,11,0,0.015159085364464083,0.017406697573014468,46679
8,11,1,0.021030032026102173,0.017406697573014468,46679
8,11,2,0.019178778858760008,0.017406697573014468,46679
8,11,4,0.0145462522505006,0.017406697573014468,46679
8,11,8,0.011081754080973637,0.017406697573014468,46679
8,11,16,0.007533323823036309,0.017406697573014468,46679
8,11,32,0.017902845364104393,0.017406697573014468,46679
9,0,0,0.02492843407865085,0.017406697573014468,46679
9,0,1,0.029198329583366076,0.017406697573014468,46679
9,0,2,0.021045575929657306,0.017406697573014468,46679
9,0,4,0.014316989476779708,0.017406697573014468,46679
9,0,8,0.010331017100239008,0.017406697573014468,46679
9,0,16,0.007961453240875188,0.017406697573014468,46679
9,0,32,0.018176128964284305,0.017406697573014468,46679
9,1,0,0.009524266457423937,0.017406697573014468,46679
9,1,1,0.006869209747524837,0.017406697573014468,46679
9,1,2,0.00468506857077499,0.017406697573014468,46679
9,1,4,0.0036803790371631676,0.017406697573014468,46679
9,1,8,0.0033202909000517116,0.017406697573014468,46679
9,1,16,0.0028376822379549142,0.017406697573014468,46679
9,1,32,0.02140918835778527,0.017406697573014468,46679
9,2,0,0.015013419364216829,0.017406697573014468,46679
9,2,1,0.017277031198820122,0.017406697573014468,46679
9,2,2,0.015448904327505512,0.017406697573014468,46679
9,2,4,0.011867529818740567,0.017406697573014468,46679
9,2,8,0.009540994989216397,0.017406697573014468,46679
9,2,16,0.0074393435757821175,0.017406697573014468,46679
9,2,32,0.019453592073128412,0.017406697573014468,46679
9,3,0,0.04932013113021122,0.017406697573014468,46679
9,3,1,0.18481842823295339,0.017406697573014468,46679
9,3,2,0.09262870692266091,0.017406697573014468,46679
9,3,4,0.03827824246346814,0.017406697573014468,46679
9,3,8,0.013445092445872978,0.017406697573014468,46679
9,3,16,0.0035679253035582883,0.017406697573014468,46679
9,3,32,0.009515231539583517,0.017406697573014468,46679
9,4,0,0.013294871186167168,0.017406697573014468,46679
9,4,1,0.0061487769318159715,0.017406697573014468,46679
9,4,2,0.004730298933391277,0.017406697573014468,46679
9,4,4,0.0038316377278298144,0.017406697573014468,46679
9,4,8,0.0034266056145046803,0.017406697573014468,46679
9,4,16,0.0032873877191043465,0.017406697573014468,46679
9,4,32,0.021061958800847217,0.017406697573014468,46679
9,5,0,0.032702664143002574,0.017406697573014468,46679
9,5,1,0.018489899199176787,0.017406697573014468,46679
9,5,2,0.013373972639124685,0.017406697573014468,46679
9,5,4,0.009282189631799888,0.017406697573014468,46679
9,5,8,0.006578206596708269,0.017406697573014468,46679
9,5,16,0.004864172252155984,0.017406697573014468,46679
9,5,32,0.019319974865851533,0.017406697573014468,46679
9,6,0,0.004720943671443489,0.017406697573014468,46679
9,6,1,0.0038527881020122066,0.017406697573014468,46679
9,6,2,0.00362076094279448,0.017406697573014468,46679
9,6,4,0.003376996396996909,0.017406697573014468,46679
9,6,8,0.003208991527109512,0.017406697573014468,46679
9,6,16,0.0030212386085007713,0.017406697573014468,46679
9,6,32,0.02131899566470851,0.017406697573014468,46679
9,7,0,0.01818692596946823,0.017406697573014468,46679
9,7,1,0.023263742897772173,0.017406697573014468,46679
9,7,2,0.01938270806325136,0.017406697573014468,46679
9,7,4,0.017132072630721626,0.017406697573014468,46679
9,7,8,0.013652699591059338,0.017406697573014468,46679
9,7,16,0.008615411620884568,0.017406697573014468,46679
9,7,32,0.018058742396308718,0.017406697573014468,46679
9,8,0,0.013578117519629392,0.017406697573014468,46679
9,8,1,0.01933388909792575,0.017406697573014468,46679
9,8,2,0.015723262526525714,0.017406697573014468,46679
9,8,4,0.011960396577964834,0.017406697573014468,46679
9,8,8,0.010305954720554194,0.017406697573014468,46679
9,8,16,0.008838301685916752,0.017406697573014468,46679
9,8,32,0.01859440122633515,0.017406697573014468,46679
9,9,0,0.006564483918088746,0.017406697573014468,46679
9,9,1,0.003499010848485242,0.017406697573014468,46679
9,9,2,0.004207746276102366,0.017406697573014468,46679
9,9,4,0.003475536470968903,0.017406697573014468,46679
9,9,8,0.0031737734561861344,0.017406697573014468,46679
9,9,16,0.0031256278395192013,0.017406697573014468,46679
9,9,32,0.0214697400362657,0.017406697573014468,46679
9,10,0,0.03254860873174508,0.017406697573014468,46679
9,10,1,0.0777063823102227,0.017406697573014468,46679
9,10,2,0.052412902739384176,0.017406697573014468,46679
9,10,4,0.030413606147668228,0.017406697573014468,46679
9,10,8,0.012169109330916772,0.017406697573014468,46679
9,10,16,0.0030274991412205157,0.017406697573014468,46679
9,10,32,0.013997040534290756,0.017406697573014468,46679
9,11,0,0.006643093151844129,0.017406697573014468,46679
9,11,1,0.004745106208858625,0.017406697573014468,46679
9,11,2,0.00470519905112568,0.017406697573014468,46679
9,11,4,0.004490943421038449,0.017406697573014468,46679
9,11,8,0.004193467770980211,0.017406697573014468,46679
9,11,16,0.004018857904949283,0.017406697573014468,46679
9,11,32,0.021852351569546798,0.017406697573014468,46679
10,0,0,0.01140435328825997,0.017406697573014468,46679
10,0,1,0.012705322155219924,0.017406697573014468,46679
10,0,2,0.011654329351224551,0.017406697573014468,46679
10,0,4,0.009920190723304755,0.017406697573014468,46679
10,0,8,0.008903381222640824,0.017406697573014468,46679
10,0,16,0.007771617084880029,0.017406697573014468,46679
10,0,32,0.019743445888841357,0.017406697573014468,46679
10,1,0,0.009451919786619231,0.017406697573014468,46679
10,1,1,0.00509810751991311,0.017406697573014468,46679
10,1,2,0.005200263200273982,0.017406697573014468,46679
10,1,4,0.004679391883299902,0.017406697573014468,46679
10,1,8,0.00436685246820841,0.017406697573014468,46679
10,1,16,0.0039141837546253855,0.017406697573014468,46679
10,1,32,0.02119067935316455,0.017406697573014468,46679
10,2,0,0.01158794903512517,0.017406697573014468,46679
10,2,1,0.006626617573941782,0.017406697573014468,46679
10,2,2,0.005982590946209673,0.017406697573014468,46679
10,2,4,0.0053557587914582,0.017406697573014468,46679
10,2,8,0.004846563202155644,0.017406697573014468,46679
10,2,16,0.004475551783962455,0.017406697573014468,46679
10,2,32,0.0212859353622916,0.017406697573014468,46679
10,3,0,0.018378196043755457,0.017406697573014468,46679
10,3,1,0.0169813907793415,0.017406697573014468,46679
10,3,2,0.013913817973471682,0.017406697573014468,46679
10,3,4,0.011725500614657871,0.017406697573014468,46679
10,3,8,0.00972842259515899,0.017406697573014468,46679
10,3,16,0.008276015456919819,0.017406697573014468,46679
10,3,32,0.02016387143757905,0.017406697573014468,46679
10,4,0,0.02302726611915633,0.017406697573014468,46679
10,4,1,0.024128052327294227,0.017406697573014468,46679
10,4,2,0.019284144668944802,0.017406697573014468,46679
10,4,4,0.01549091043565459,0.017406697573014468,46679
10,4,8,0.012452420409665602,0.017406697573014468,46679
10,4,16,0.010109853865555744,0.017406697573014468,46679
10,4,32,0.018755523142028586,0.017406697573014468,46679
10,5,0,0.025574534086434026,0.017406697573014468,46679
10,5,1,0.0316342140158503,0.017406697573014468,46679
10,5,2,0.02843043142489779,0.017406697573014468,46679
10,5,4,0.021221459248154634,0.017406697573014468,46679
10,5,8,0.011044658047143803,0.017406697573014468,46679
10,5,16,0.0037237764725672647,0.017406697573014468,46679
10,5,32,0.0164834457951308,0.017406697573014468,46679
10,6,0,0.010388506399705275,0.017406697573014468,46679
10,6,1,0.008561392648242478,0.017406697573014468,46679
10,6,2,0.008319614791591013,0.017406697573014468,46679
10,6,4,0.00669972606874017,0.017406697573014468,46679
10,6,8,0.005678159831266778,0.017406697573014468,46679
10,6,16,0.004983703153382433,0.017406697573014468,46679
10,6,32,0.02076788158077101,0.017406697573014468,46679
10,7,0,0.030464471707087985,0.017406697573014468,46679
10,7,1,0.0233519983740401,0.017406697573014468,46679
10,7,2,0.016300033220671323,0.017406697573014468,46679
10,7,4,0.013319989028108537,0.017406697573014468,46679
10,7,8,0.010781057319928794,0.017406697573014468,46679
10,7,16,0.00877684605897654,0.017406697573014468,46679
10,7,32,0.018943559303472145,0.017406697573014468,46679
10,8,0,0.01372436308939682,0.017406697573014468,46679
10,8,1,0.005704019835834549,0.017406697573014468,46679
10,8,2,0.005258719381022531,0.017406697573014468,46679
10,8,4,0.004328145708511144,0.017406697573014468,46679
10,8,8,0.0038110635508151395,0.017406697573014468,46679
10,8,16,0.0034823815669280844,0.017406697573014468,46679
10,8,32,0.021567518119312203,0.017406697573014468,46679
10,9,0,0.06632012756527657,0.017406697573014468,46679
10,9,1,0.09165760156229327,0.017406697573014468,46679
10,9,2,0.05303098820073644,0.017406697573014468,46679
10,9,4,0.029656645618965225,0.017406697573014468,46679
10,9,8,0.012844574953560292,0.017406697573014468,46679
10,9,16,0.004077122735632363,0.017406697573014468,46679
10,9,32,0.012406624342999353,0.017406697573014468,46679
10,10,0,0.008847659868668655,0.017406697573014468,46679
10,10,1,0.006322829695228881,0.017406697573014468,46679
10,10,2,0.006063095229132811,0.017406697573014468,46679
10,10,4,0.005724572323502647,0.017406697573014468,46679
10,10,8,0.004996401308269254,0.017406697573014468,46679
10,10,16,0.004595873077178785,0.017406697573014468,46679
10,10,32,0.020851151589007924,0.017406697573014468,46679
10,11,0,0.03839679117004456,0.017406697573014468,46679
10,11,1,0.06409564209843119,0.017406697573014468,46679
10,11,2,0.03261541749192591,0.017406697573014468,46679
10,11,4,0.016305721397194016,0.017406697573014468,46679
10,11,8,0.007846854918244389,0.017406697573014468,46679
10,11,16,0.005352125460528918,0.017406697573014468,46679
10,11,32,0.017469442603826105,0.017406697573014468,46679
11,0,0,0.0397912440491441,0.017406697573014468,46679
11,0,1,0.023485428327091495,0.017406697573014468,46679
11,0,2,0.020440159675656284,0.017406697573014468,46679
11,0,4,0.01826757156262052,0.017406697573014468,46679
11,0,8,0.016244204289883577,0.017406697573014468,46679
11,0,16,0.015032899132431197,0.017406697573014468,46679
11,0,32,0.016919318559246093,0.017406697573014468,46679
11,1,0,0.021745259269496782,0.017406697573014468,46679
11,1,1,0.012694938117608348,0.017406697573014468,46679
11,1,2,0.010072410707559074,0.017406697573014468,46679
11,1,4,0.008482710607934036,0.017406697573014468,46679
11,1,8,0.0071918425906528,0.017406697573014468,46679
11,1,16,0.006379688767236538,0.017406697573014468,46679
11,1,32,0.02023499778951703,0.017406697573014468,46679
11,2,0,0.011279517359466366,0.017406697573014468,46679
11,2,1,0.007276023298040521,0.017406697573014468,46679
11,2,2,0.006555789029795785,0.017406697573014468,46679
11,2,4,0.006119330930333448,0.017406697573014468,46679
11,2,8,0.005630842160620615,0.017406697573014468,46679
11,2,16,0.005529204301270361,0.017406697573014468,46679
11,2,32,0.020797493296351843,0.017406697573014468,46679
11,3,0,0.030828445439962084,0.017406697573014468,46679
11,3,1,0.035971722683910794,0.017406697573014468,46679
11,3,2,0.02728650097287215,0.017406697573014468,46679
11,3,4,0.018879352187306058,0.017406697573014468,46679
11,3,8,0.012432672892328045,0.017406697573014468,46679
11,3,16,0.008495950019438958,0.017406697573014468,46679
11,3,32,0.01675641775511387,0.017406697573014468,46679
11,4,0,0.023982386020190673,0.017406697573014468,46679
11,4,1,0.014082390747957082,0.017406697573014468,46679
11,4,2,0.012115729943652906,0.017406697573014468,46679
11,4,4,0.01055409559860395,0.017406697573014468,46679
11,4,8,0.00929668277779833,0.017406697573014468,46679
11,4,16,0.008536700847569826,0.017406697573014468,46679
11,4,32,0.019980007282684183,0.017406697573014468,46679
11,5,0,0.01872663797369579,0.017406697573014468,46679
11,5,1,0.006515571304634479,0.017406697573014468,46679
11,5,2,0.006242215882400937,0.017406697573014468,46679
11,5,4,0.0056683973358080016,0.017406697573014468,46679
11,5,8,0.005256743667139278,0.017406697573014468,46679
11,5,16,0.005062513543881055,0.017406697573014468,46679
11,5,32,0.02093330582159957,0.017406697573014468,46679
11,6,0,0.008756192143251127,0.017406697573014468,46679
11,6,1,0.005014062628024858,0.017406697573014468,46679
11,6,2,0.005084089908044723,0.017406697573014468,46679
11,6,4,0.004966909397031466,0.017406697573014468,46679
11,6,8,0.004541750381543895,0.017406697573014468,46679
11,6,16,0.0042465074257991365,0.017406697573014468,46679
11,6,32,0.021299328571302532,0.017406697573014468,46679
11,7,0,0.023918349642158075,0.017406697573014468,46679
11,7,1,0.009470246844471977,0.017406697573014468,46679
11,7,2,0.008337409005150894,0.017406697573014468,46679
11,7,4,0.007533318474096476,0.017406697573014468,46679
11,7,8,0.006496883706747632,0.017406697573014468,46679
11,7,16,0.005957723478836931,0.017406697573014468,46679
11,7,32,0.020261193348598893,0.017406697573014468,46679
11,8,0,0.13375299895569084,0.017406697573014468,46679
11,8,1,0.08778134548625577,0.017406697573014468,46679
11,8,2,0.053488749843882445,0.017406697573014468,46679
11,8,4,0.035893282034108534,0.017406697573014468,46679
11,8,8,0.022550657946369356,0.017406697573014468,46679
11,8,16,0.015826159805719175,0.017406697573014468,46679
11,8,32,0.009634655014043451,0.017406697573014468,46679
11,9,0,0.008346347391535338,0.017406697573014468,46679
11,9,1,0.004772148583432444,0.017406697573014468,46679
11,9,2,0.0046391453476116165,0.017406697573014468,46679
11,9,4,0.004357894545922682,0.017406697573014468,46679
11,9,8,0.004098209222450757,0.017406697573014468,46679
11,9,16,0.003780062810441297,0.017406697573014468,46679
11,9,32,0.021328779781936185,0.017406697573014468,46679
11,10,0,0.0488202403367933,0.017406697573014468,46679
11,10,1,0.04082287982361374,0.017406697573014468,46679
11,10,2,0.02710989309606674,0.017406697573014468,46679
11,10,4,0.01875898315559601,0.017406697573014468,46679
11,10,8,0.012444633543922569,0.017406697573014468,46679
11,10,16,0.00927245658541001,0.017406697573014468,46679
11,10,32,0.016482647807659623,0.017406697573014468,46679
11,11,0,0.038357467125261446,0.017406697573014468,46679
11,11,1,0.040529001148157585,0.017406697573014468,46679
11,11,2,0.027784298025612914,0.017406697573014468,46679
11,11,4,0.020482779430836887,0.017406697573014468,46679
11,11,8,0.013712887659735816,0.017406697573014468,46679
11,11,16,0.0099554841758448,0.017406697573014468,46679
11,11,32,0.016814715424592834,0.017406697573014468,46679
