layer,head,token_class,mean_attention,uniform_baseline,enrichment,n_queries
0,0,period,0.016975092123695575,0.026477806051478744,0.6411064455526345,45679
0,0,comma,0.02530790364886032,0.04220193391985708,0.5996858745127864,45679
0,0,articles,0.057247630109482014,0.07622732246537457,0.7510119502818182,45679
0,0,other,0.9004693742368751,0.8550929375632901,1.0530660875330016,45679
0,1,period,0.029319209374730853,0.026477806051478744,1.107312642056815,45679
0,1,comma,0.04285244473735154,0.04220193391985708,1.015414241885924,45679
0,1,articles,0.07321623436765043,0.07622732246537457,0.9604985718986536,45679
0,1,other,0.8546121113623598,0.8550929375632901,0.9994376912966906,45679
0,2,period,0.039126060100852116,0.026477806051478744,1.4776926768321497,45679
0,2,comma,0.047840483916976866,0.04220193391985708,1.1336088058861848,45679
0,2,articles,0.05722451500545183,0.07622732246537457,0.7507087111900781,45679
0,2,other,0.8558089408042607,0.8550929375632901,1.0008373396732886,45679
0,3,period,0.01768181967764902,0.026477806051478744,0.6677977640319455,45679
0,3,comma,0.04274686004668557,0.04220193391985708,1.0129123496535328,45679
0,3,articles,0.05754127908982806,0.07622732246537457,0.7548642301579668,45679
0,3,other,0.8820300464689051,0.8550929375632901,1.0315019663036584,45679
0,4,period,0.01823329283979728,0.026477806051478744,0.6886255154353689,45679
0,4,comma,0.028880671132335636,0.04220193391985708,0.6843447313855573,45679
0,4,articles,0.043471985707632804,0.07622732246537457,0.5702940140312481,45679
0,4,other,0.9094140506803415,0.8550929375632901,1.063526560366464,45679
0,5,period,0.008449263520185551,0.026477806051478744,0.31910738766491087,45679
0,5,comma,0.010708865822386393,0.04220193391985708,0.2537529640874491,45679
0,5,articles,0.08610614246954913,0.07622732246537457,1.1295968385700796,45679
0,5,other,0.8947357297308044,0.8550929375632901,1.0463607994243083,45679
0,6,period,0.007169085793136193,0.026477806051478744,0.2707583014694607,45679
0,6,comma,0.011061277628052361,0.04220193391985708,0.2621035720556813,45679
0,6,articles,0.021922420653703995,0.07622732246537457,0.2875926891392783,45679
0,6,other,0.9598472157927261,0.8550929375632901,1.1225063073587631,45679
0,7,period,0.06154206591130834,0.026477806051478744,2.32428871907502,45679
0,7,comma,0.06655232152649161,0.04220193391985708,1.5769969606813932,45679
0,7,articles,0.10142953158944303,0.07622732246537457,1.3306191049215494,45679
0,7,other,0.7704760809093729,0.8550929375632901,0.9010436726386198,45679
0,8,period,0.056742258758090094,0.026477806051478744,2.143012100314147,45679
0,8,comma,0.08393752241227771,0.04220193391985708,1.9889496668962598,45679
0,8,articles,0.1314768603586968,0.07622732246537457,1.7247996663980782,45679
0,8,other,0.7278433584650423,0.8550929375632901,0.8511862588166572,45679
0,9,period,0.03828116901675164,0.026477806051478744,1.4457832700460351,45679
0,9,comma,0.04799161929745538,0.04220193391985708,1.1371900488871696,45679
0,9,articles,0.08386902225424069,0.07622732246537457,1.100248828657694,45679
0,9,other,0.829858190014564,0.8550929375632901,0.9704888832076708,45679
0,10,period,0.03687118737084045,0.026477806051478744,1.3925318169924903,45679
0,10,comma,0.04585599490733823,0.04220193391985708,1.0865851549462244,45679
0,10,articles,0.0827090576378097,0.07622732246537457,1.085031652205538,45679
0,10,other,0.8345637598319668,0.8550929375632901,0.9759918754681519,45679
0,11,period,0.037103508442657064,0.026477806051478744,1.4013059983338345,45679
0,11,comma,0.04907323666380634,0.04220193391985708,1.1628196176269576,45679
0,11,articles,0.07403943189342636,0.07622732246537457,0.9712978168301526,45679
0,11,other,0.8397838229786655,0.8550929375632901,0.9820965489105195,45679
1,0,period,0.029812229899400685,0.026477806051478744,1.1259327846664893,45679
1,0,comma,0.03838330782471293,0.04220193391985708,0.9095153766555851,45679
1,0,articles,0.11167613645623896,0.07622732246537457,1.465040786483962,45679
1,0,other,0.8201283256757743,0.8550929375632901,0.9591101617712428,45679
1,1,period,0.09840775516962215,0.026477806051478744,3.716612886214801,45679
1,1,comma,0.08775020022096383,0.04220193391985708,2.079293342044572,45679
1,1,articles,0.08252718455185731,0.07622732246537457,1.08264572180591,45679
1,1,other,0.7313148598640802,0.8550929375632901,0.8552460530758993,45679
1,2,period,0.03246564207563606,0.026477806051478744,1.2261454749126734,45679
1,2,comma,0.04328300593052997,0.04220193391985708,1.0256166462116614,45679
1,2,articles,0.0653758260302988,0.07622732246537457,0.8576429542044463,45679
1,2,other,0.8588755255537811,0.8550929375632901,1.004423598680712,45679
1,3,period,0.014908554497112944,0.026477806051478744,0.5630585278903923,45679
1,3,comma,0.019058013282050954,0.04220193391985708,0.45159099386873536,45679
1,3,articles,0.1732236177507775,0.07622732246537457,2.272461004116502,45679
1,3,other,0.7928098149083236,0.8550929375632901,0.927162159902231,45679
1,4,period,0.023492825828268248,0.026477806051478744,0.8872648203024438,45679
1,4,comma,0.034044174520492215,0.04220193391985708,0.8066970244809935,45679
1,4,articles,0.08638079193416796,0.07622732246537457,1.1331998703405264,45679
1,4,other,0.8560822077184357,0.8550929375632901,1.001156915361697,45679
1,5,period,0.052140018742932434,0.026477806051478744,1.969197094410339,45679
1,5,comma,0.09831498174377817,0.04220193391985708,2.329632142699472,45679
1,5,articles,0.09553228293115161,0.07622732246537457,1.2532551300689605,45679
1,5,other,0.7540127167739072,0.8550929375632901,0.8817903688019861,45679
1,6,period,0.04115514209397487,0.026477806051478744,1.5543259896216521,45679
1,6,comma,0.04418891984372653,0.04220193391985708,1.047082816812206,45679
1,6,articles,0.09336191866581257,0.07622732246537457,1.2247828684815893,45679
1,6,other,0.821294019350114,0.8550929375632901,0.9604733980033903,45679
1,7,period,0.05203702420675206,0.026477806051478744,1.965307250365854,45679
1,7,comma,0.04958333394478775,0.04220193391985708,1.1749066770008265,45679
1,7,articles,0.08647480522739917,0.07622732246537457,1.1344331983676772,45679
1,7,other,0.8119048366667856,0.8550929375632901,0.949493091336276,45679
1,8,period,0.038719670786568405,0.026477806051478744,1.4623443766937771,45679
1,8,comma,0.042489397797778036,0.04220193391985708,1.0068116280753119,45679
1,8,articles,0.12115006538029047,0.07622732246537457,1.5893259983691748,45679
1,8,other,0.7976408659587841,0.8550929375632901,0.9328118978877035,45679
1,9,period,0.010195395280713065,0.026477806051478744,0.38505438331601,45679
1,9,comma,0.01603971199034505,0.04220193391985708,0.3800705441794448,45679
1,9,articles,0.1467984405566471,0.07622732246537457,1.9257982021253426,45679
1,9,other,0.8269664519647165,0.8550929375632901,0.9671071010377843,45679
1,10,period,0.033232895901307694,0.026477806051478744,1.255122718124589,45679
1,10,comma,0.04504223366671629,0.04220193391985708,1.0673025968964605,45679
1,10,articles,0.07141335696457127,0.07622732246537457,0.936847243939468,45679
1,10,other,0.8503115134915561,0.8550929375632901,0.9944082989559482,45679
1,11,period,0.035937713611980976,0.026477806051478744,1.357276865844174,45679
1,11,comma,0.04287773723570865,0.04220193391985708,1.0160135627228588,45679
1,11,articles,0.0794456053901693,0.07622732246537457,1.0422195457049748,45679
1,11,other,0.8417389437298507,0.8550929375632901,0.9843829913137939,45679
2,0,period,0.024726143657300984,0.026477806051478744,0.9338441262553197,45679
2,0,comma,0.021822192875704787,0.04220193391985708,0.5170898783251469,45679
2,0,articles,0.07471775798294106,0.07622732246537457,0.9801965432654516,45679
2,0,other,0.8787339054303585,0.8550929375632901,1.0276472495895437,45679
2,1,period,0.028099847063626726,0.026477806051478744,1.061260400842667,45679
2,1,comma,0.0237093435788389,0.04220193391985708,0.5618070400248424,45679
2,1,articles,0.11786304890871153,0.07622732246537457,1.5462047609274159,45679
2,1,other,0.8303277604737151,0.8550929375632901,0.9710380287315354,45679
2,2,period,0.04754352391472053,0.026477806051478744,1.7955990697373245,45679
2,2,comma,0.052281023530306406,0.04220193391985708,1.2388300410495372,45679
2,2,articles,0.0715469880649105,0.07622732246537457,0.9386003043385124,45679
2,2,other,0.8286284689305556,0.8550929375632901,0.9690507692553879,45679
2,3,period,0.021565197160056743,0.026477806051478744,0.8144631438922546,45679
2,3,comma,0.028563895109255232,0.04220193391985708,0.6768385345443895,45679
2,3,articles,0.19925581948720347,0.07622732246537457,2.6139684963710126,45679
2,3,other,0.7506150881995886,0.8550929375632901,0.8778169661166585,45679
2,4,period,0.051375600370949535,0.026477806051478744,1.9403269391377798,45679
2,4,comma,0.06675365422221995,0.04220193391985708,1.581767659012675,45679
2,4,articles,0.15872272008725405,0.07622732246537457,2.082228720015085,45679
2,4,other,0.7231480267723164,0.8550929375632901,0.8456952396695385,45679
2,5,period,0.06911687984214981,0.026477806051478744,2.6103703497099127,45679
2,5,comma,0.1037720944209423,0.04220193391985708,2.4589416830519917,45679
2,5,articles,0.08088534595414175,0.07622732246537457,1.0611070064921018,45679
2,5,other,0.7462256806970541,0.8550929375632901,0.8726837141510385,45679
2,6,period,0.19631423930337571,0.026477806051478744,7.414294028806509,45679
2,6,comma,0.07561410297692658,0.04220193391985708,1.7917212779992584,45679
2,6,articles,0.10334996252987966,0.07622732246537457,1.3558125772661798,45679
2,6,other,0.624721695287155,0.8550929375632901,0.7305892352092032,45679
2,7,period,0.029010674899582308,0.026477806051478744,1.0956600725596035,45679
2,7,comma,0.03021301395102241,0.04220193391985708,0.7159153892899306,45679
2,7,articles,0.10002424183502685,0.07622732246537457,1.3121835924443204,45679
2,7,other,0.8407520696034383,0.8550929375632901,0.9832288780203025,45679
2,8,period,0.042126671228806846,0.026477806051478744,1.591018196405821,45679
2,8,comma,0.04079610233620756,0.04220193391985708,0.9666879819697543,45679
2,8,articles,0.08584512829791778,0.07622732246537457,1.1261726835139985,45679
2,8,other,0.8312320984153165,0.8550929375632901,0.972095618967491,45679
2,9,period,0.0363687118427894,0.026477806051478744,1.3735545827354627,45679
2,9,comma,0.022330924628608792,0.04220193391985708,0.5291445806966093,45679
2,9,articles,0.04889627271984941,0.07622732246537457,0.6414533678794766,45679
2,9,other,0.8924040915593773,0.8550929375632901,1.043634033631959,45679
2,10,period,0.027222949229530894,0.026477806051478744,1.0281421797789223,45679
2,10,comma,0.03219532142989158,0.04220193391985708,0.7628873475569057,45679
2,10,articles,0.060267799920764045,0.07622732246537457,0.7906325182566925,45679
2,10,other,0.8803139294444584,0.8550929375632901,1.0294950300408738,45679
2,11,period,0.017312207731414307,0.026477806051478744,0.6538384523912414,45679
2,11,comma,0.019206309850867926,0.04220193391985708,0.45510496953389307,45679
2,11,articles,0.15790278726956775,0.07622732246537457,2.0714723036650455,45679
2,11,other,0.8055786952898586,0.8550929375632901,0.9420948997491086,45679
3,0,period,0.013610258038346545,0.026477806051478744,0.5140251428643738,45679
3,0,comma,0.01240105264360795,0.04220193391985708,0.29385034029857426,45679
3,0,articles,0.18797156933045678,0.07622732246537457,2.465934303488632,45679
3,0,other,0.786017120153827,0.8550929375632901,0.9192183511580571,45679
3,1,period,0.07869169644291868,0.026477806051478744,2.9719870403886377,45679
3,1,comma,0.04887926328477319,0.04220193391985708,1.1582233026950042,45679
3,1,articles,0.18965777715858506,0.07622732246537457,2.4880550834608552,45679
3,1,other,0.6827712636880663,0.8550929375632901,0.7984760880305255,45679
3,2,period,0.021806899326707253,0.026477806051478744,0.8235916255413983,45679
3,2,comma,0.02854949821475422,0.04220193391985708,0.6764973915406506,45679
3,2,articles,0.20300993440842324,0.07622732246537457,2.6632174375616864,45679
3,2,other,0.74663367194317,0.8550929375632901,0.8731608450314298,45679
3,3,period,0.02703359506551652,0.026477806051478744,1.0209907502516333,45679
3,3,comma,0.03348167761321887,0.04220193391985708,0.7933683247028851,45679
3,3,articles,0.1380901617292824,0.07622732246537457,1.8115572902617476,45679
3,3,other,0.8013945689706153,0.8550929375632901,0.9372017166394849,45679
3,4,period,0.026116299913289252,0.026477806051478744,0.9863468242993153,45679
3,4,comma,0.02056865390702363,0.04220193391985708,0.4873865246574768,45679
3,4,articles,0.1764147062601957,0.07622732246537457,2.314323795648603,45679
3,4,other,0.7769003399066742,0.8550929375632901,0.9085566092038639,45679
3,5,period,0.02021131669466112,0.026477806051478744,0.763330491029575,45679
3,5,comma,0.024048079757304493,0.04220193391985708,0.5698335958482997,45679
3,5,articles,0.15661704483434977,0.07622732246537457,2.0546050913108136,45679
3,5,other,0.799123558638351,0.8550929375632901,0.9345458528935676,45679
3,6,period,0.02190592239477022,0.026477806051478744,0.8273314772447625,45679
3,6,comma,0.01662237311374827,0.04220193391985708,0.3938770470878118,45679
3,6,articles,0.09089964323161188,0.07622732246537457,1.1924811247686427,45679
3,6,other,0.8705720615785271,0.8550929375632901,1.0181022709172958,45679
3,7,period,0.028642785272582127,0.026477806051478744,1.0817658085754607,45679
3,7,comma,0.028291256217796434,0.04220193391985708,0.6703781933672163,45679
3,7,articles,0.08569489571581379,0.07622732246537457,1.1242018339912143,45679
3,7,other,0.8573710664167976,0.8550929375632901,1.0026641885968552,45679
3,8,period,0.05701637343468138,0.026477806051478744,2.1533647207713837,45679
3,8,comma,0.07159168214984858,0.04220193391985708,1.6964076169069322,45679
3,8,articles,0.08655015072924893,0.07622732246537457,1.135421630066613,45679
3,8,other,0.7848417971116152,0.8550929375632901,0.9178438537314253,45679
3,9,period,0.02858628652709402,0.026477806051478744,1.0796319933576037,45679
3,9,comma,0.028126065047162495,0.04220193391985708,0.6664638900334486,45679
3,9,articles,0.15338491716979386,0.07622732246537457,2.0122039212313574,45679
3,9,other,0.7899027318989141,0.8550929375632901,0.9237624323618614,45679
3,10,period,0.019159194799071317,0.026477806051478744,0.7235944987972788,45679
3,10,comma,0.022516775562580627,0.04220193391985708,0.5335484294473508,45679
3,10,articles,0.1620962935618009,0.07622732246537457,2.126485468979071,45679
3,10,other,0.7962277354186058,0.8550929375632901,0.9311592932664967,45679
3,11,period,0.0286183679385142,0.026477806051478744,1.0808436274090734,45679
3,11,comma,0.02115773231051853,0.04220193391985708,0.5013450888458758,45679
3,11,articles,0.10098278787880609,0.07622732246537457,1.3247584279859288,45679
3,11,other,0.8492411121945693,0.8550929375632901,0.993156503683218,45679
4,0,period,0.010855902013215363,0.026477806051478744,0.41000005786389837,45679
4,0,comma,0.019222861585616726,0.04220193391985708,0.4554971727627838,45679
4,0,articles,0.14754827048923075,0.07622732246537457,1.9356349628606322,45679
4,0,other,0.8223729681188546,0.8550929375632901,0.961735189232558,45679
4,1,period,0.03417182026768456,0.026477806051478744,1.2905835249811461,45679
4,1,comma,0.05234830131420412,0.04220193391985708,1.2404242282738829,45679
4,1,articles,0.13630450567567412,0.07622732246537457,1.7881318832573314,45679
4,1,other,0.7771753731368335,0.8550929375632901,0.9088782505343876,45679
4,2,period,0.04079185236952585,0.026477806051478744,1.5406054523632893,45679
4,2,comma,0.023089478075720274,0.04220193391985708,0.5471189571446651,45679
4,2,articles,0.19369572535002866,0.07622732246537457,2.5410275356059215,45679
4,2,other,0.7424229439786322,0.8550929375632901,0.868236552267959,45679
4,3,period,0.008192552490269967,0.026477806051478744,0.30941205907852876,45679
4,3,comma,0.011035379572504575,0.04220193391985708,0.26148990217986545,45679
4,3,articles,0.10412413222908769,0.07622732246537457,1.3659686430201576,45679
4,3,other,0.8766479363206353,0.8550929375632901,1.0252077848038008,45679
4,4,period,0.021978833957597903,0.026477806051478744,0.830085163206731,45679
4,4,comma,0.024555353157172184,0.04220193391985708,0.5818537416745792,45679
4,4,articles,0.16830529802619343,0.07622732246537457,2.207939260921099,45679
4,4,other,0.7851605152672982,0.8550929375632901,0.9182165829888921,45679
4,5,period,0.01769172205555732,0.026477806051478744,0.6681717518876253,45679
4,5,comma,0.016228767343296292,0.04220193391985708,0.38455032354951496,45679
4,5,articles,0.17151725881958677,0.07622732246537457,2.2500758687607925,45679
4,5,other,0.794562252573792,0.8550929375632901,0.929211571829854,45679
4,6,period,0.01821804724710241,0.026477806051478744,0.688049727824219,45679
4,6,comma,0.023357163402740463,0.04220193391985708,0.5534619206573925,45679
4,6,articles,0.14646100008083887,0.07622732246537457,1.9213714366966934,45679
4,6,other,0.8119637892808141,0.8550929375632901,0.9495620342680193,45679
4,7,period,0.02593258359204052,0.026477806051478744,0.9794083218836867,45679
4,7,comma,0.03217387780995643,0.04220193391985708,0.7623792281902466,45679
4,7,articles,0.09447098116554617,0.07622732246537457,1.2393322775892932,45679
4,7,other,0.8474225577220507,0.8550929375632901,0.9910297705614348,45679
4,8,period,0.021485179001835143,0.026477806051478744,0.8114410597336945,45679
4,8,comma,0.023914630008183668,0.04220193391985708,0.5666714244327847,45679
4,8,articles,0.16588129541865546,0.07622732246537457,2.1761396052446313,45679
4,8,other,0.7887188951996482,0.8550929375632901,0.9223779785238501,45679
4,9,period,0.007074822945628699,0.026477806051478744,0.2671982312988346,45679
4,9,comma,0.014947865455262182,0.04220193391985708,0.35419858918429403,45679
4,9,articles,0.16193712220801937,0.07622732246537457,2.1243973547880755,45679
4,9,other,0.816040189120083,0.8550929375632901,0.954329235188758,45679
4,10,period,0.03974906410214675,0.026477806051478744,1.5012219677440695,45679
4,10,comma,0.024164334093536317,0.04220193391985708,0.5725883116974027,45679
4,10,articles,0.1846030872691382,0.07622732246537457,2.4217443470219244,45679
4,10,other,0.7514835139483496,0.8550929375632901,0.8788325583530249,45679
4,11,period,0.02974437555067891,0.026477806051478744,1.1233700969351172,45679
4,11,comma,0.0430799275032203,0.04220193391985708,1.020804581729135,45679
4,11,articles,0.07735928977946331,0.07622732246537457,1.0148498894815954,45679
4,11,other,0.8498164113038064,0.8550929375632901,0.9938292950067861,45679
5,0,period,0.010474961220899576,0.026477806051478744,0.39561288425989377,45679
5,0,comma,0.01906890537171776,0.04220193391985708,0.45184908843111943,45679
5,0,articles,0.19168973891005067,0.07622732246537457,2.5147116901177218,45679
5,0,other,0.7787663945687134,0.8550929375632901,0.9107388920646684,45679
5,1,period,0.0010498812506224795,0.026477806051478744,0.03965136871919361,45679
5,1,comma,0.0034637814580680123,0.04220193391985708,0.08207636798460118,45679
5,1,articles,0.218824909549722,0.07622732246537457,2.8706886516855006,45679
5,1,other,0.7766614323292595,0.8550929375632901,0.9082772155065011,45679
5,2,period,0.004350666840198154,0.026477806051478744,0.16431372114968626,45679
5,2,comma,0.025132456165524113,0.04220193391985708,0.5955285417310853,45679
5,2,articles,0.1550754681860723,0.07622732246537457,2.0343816779936565,45679
5,2,other,0.8154414091914675,0.8550929375632901,0.953628983903416,45679
5,3,period,0.03388746610647806,0.026477806051478744,1.279844184997552,45679
5,3,comma,0.03411448283589564,0.04220193391985708,0.8083630219572451,45679
5,3,articles,0.14494491127181783,0.07622732246537457,1.9014823895678281,45679
5,3,other,0.7870531394014941,0.8550929375632901,0.9204299378782321,45679
5,4,period,0.009592368105488436,0.026477806051478744,0.3622795667752358,45679
5,4,comma,0.02038992117416969,0.04220193391985708,0.4831513459286214,45679
5,4,articles,0.15547098839583026,0.07622732246537457,2.039570371456393,45679
5,4,other,0.8145467230611337,0.8550929375632901,0.9525826811086774,45679
5,5,period,0.012396613760188108,0.026477806051478744,0.4681888573428755,45679
5,5,comma,0.012190987927229344,0.04220193391985708,0.28887273152885473,45679
5,5,articles,0.18150290234271754,0.07622732246537457,2.381074088299025,45679
5,5,other,0.7939094963504809,0.8550929375632901,0.9284481972367119,45679
5,6,period,0.00466460502399726,0.026477806051478744,0.17617037510314226,45679
5,6,comma,0.013291110118487699,0.04220193391985708,0.3149407831339666,45679
5,6,articles,0.18102805561320087,0.07622732246537457,2.3748447375339845,45679
5,6,other,0.8010162302022127,0.8550929375632901,0.9367592632501717,45679
5,7,period,0.003371216963145465,0.026477806051478744,0.12732236789525045,45679
5,7,comma,0.0039455115255419525,0.04220193391985708,0.09349124931181149,45679
5,7,articles,0.17616811452424366,0.07622732246537457,2.311088843560865,45679
5,7,other,0.8165151571586639,0.8550929375632901,0.9548846929848829,45679
5,8,period,0.009842398892754239,0.026477806051478744,0.37172259943359454,45679
5,8,comma,0.014690184812020756,0.04220193391985708,0.3480926926220471,45679
5,8,articles,0.19104023850276652,0.07622732246537457,2.5061911178835445,45679
5,8,other,0.7844271780386457,0.8550929375632901,0.9173589718492863,45679
5,9,period,0.015487627425765458,0.026477806051478744,0.5849286529123321,45679
5,9,comma,0.013519626399778143,0.04220193391985708,0.320355612741643,45679
5,9,articles,0.1726099405693211,0.07622732246537457,2.2644103844487953,45679
5,9,other,0.7983828058578522,0.8550929375632901,0.933679569536568,45679
5,10,period,0.02185027077577049,0.026477806051478744,0.8252296558592772,45679
5,10,comma,0.022547374488375786,0.04220193391985708,0.5342734892480051,45679
5,10,articles,0.09658013845635738,0.07622732246537457,1.2670015859500752,45679
5,10,other,0.8590222161749119,0.8550929375632901,1.0045951480114184,45679
5,11,period,0.023956776368073866,0.026477806051478744,0.904787062851679,45679
5,11,comma,0.0297065401876317,0.04220193391985708,0.7039141913270002,45679
5,11,articles,0.17350174738633276,0.07622732246537457,2.276109691051316,45679
5,11,other,0.7728349359016391,0.8550929375632901,0.9038022675101762,45679
6,0,period,0.01194875943341465,0.026477806051478744,0.45127452819102926,45679
6,0,comma,0.024438730231041275,0.04220193391985708,0.5790902918679334,45679
6,0,articles,0.13481834687800226,0.07622732246537457,1.7686354776430986,45679
6,0,other,0.8287941635084446,0.8550929375632901,0.9692445430203322,45679
6,1,period,0.003727653461490291,0.026477806051478744,0.1407840760765036,45679
6,1,comma,0.017881951159756177,0.04220193391985708,0.42372350029538014,45679
6,1,articles,0.18906577765198704,0.07622732246537457,2.4802888457464594,45679
6,1,other,0.7893246183781952,0.8550929375632901,0.923086349686724,45679
6,2,period,0.0408781741678852,0.026477806051478744,1.543865609122181,45679
6,2,comma,0.03116701995768792,0.04220193391985708,0.7385211307347942,45679
6,2,articles,0.1619494976157054,0.07622732246537457,2.1245597035009225,45679
6,2,other,0.7660053083901259,0.8550929375632901,0.8958152672538354,45679
6,3,period,0.014317142324857039,0.026477806051478744,0.5407223807373364,45679
6,3,comma,0.017723670378855895,0.04220193391985708,0.4199729427687781,45679
6,3,articles,0.18068591056104508,0.07622732246537457,2.3703562543879153,45679
6,3,other,0.7872732762403928,0.8550929375632901,0.9206873798815844,45679
6,4,period,0.036639423853797634,0.026477806051478744,1.3837786930896934,45679
6,4,comma,0.023328253512301906,0.04220193391985708,0.5527768835571151,45679
6,4,articles,0.1283712399080304,0.07622732246537457,1.6840581009039328,45679
6,4,other,0.8116610830017257,0.8550929375632901,0.9492080303161786,45679
6,5,period,0.022445102509173094,0.026477806051478744,0.8476949512181947,45679
6,5,comma,0.01745836396206871,0.04220193391985708,0.4136863489531722,45679
6,5,articles,0.16755455649595774,0.07622732246537457,2.198090541250056,45679
6,5,other,0.7925419765942018,0.8550929375632901,0.9268489327635704,45679
6,6,period,0.024460034703116928,0.026477806051478744,0.9237938617558109,45679
6,6,comma,0.0206534602007827,0.04220193391985708,0.48939606037970507,45679
6,6,articles,0.1746677258839649,0.07622732246537457,2.2914057615405,45679
6,6,other,0.7802187799536786,0.8550929375632901,0.9124374037949885,45679
6,7,period,0.01283841785910332,0.026477806051478744,0.4848746846374877,45679
6,7,comma,0.017142277131722467,0.04220193391985708,0.40619648294498156,45679
6,7,articles,0.12095309492044835,0.07622732246537457,1.5867420107191876,45679
6,7,other,0.8490662099890257,0.8550929375632901,0.99295196193359,45679
6,8,period,0.0061970462733523385,0.026477806051478744,0.23404681873203173,45679
6,8,comma,0.015513744458674816,0.04220193391985708,0.3676074297480288,45679
6,8,articles,0.13630473759242595,0.07622732246537457,1.7881349256933547,45679
6,8,other,0.841984471670282,0.8550929375632901,0.9846701272842195,45679
6,9,period,0.002824476783701087,0.026477806051478744,0.10667336931956053,45679
6,9,comma,0.00484046102933226,0.04220193391985708,0.11469761169060311,45679
6,9,articles,0.21037324108155916,0.07622732246537457,2.759814122778862,45679
6,9,other,0.7819618222059858,0.8550929375632901,0.9144758281296277,45679
6,10,period,0.01759684171585092,0.026477806051478744,0.6645883605929715,45679
6,10,comma,0.009177699570184088,0.04220193391985708,0.2174710663168388,45679
6,10,articles,0.1920342668808972,0.07622732246537457,2.5192314339537067,45679
6,10,other,0.7811911921845789,0.8550929375632901,0.9135746044291925,45679
6,11,period,0.013463930092701405,0.026477806051478744,0.5084987051617694,45679
6,11,comma,0.020037019636811128,0.04220193391985708,0.47478913347578133,45679
6,11,articles,0.15756178550001462,0.07622732246537457,2.0669988188498336,45679
6,11,other,0.8089372649733497,0.8550929375632901,0.9460226244863306,45679
7,0,period,0.008491713381911289,0.026477806051478744,0.32071061195181766,45679
7,0,comma,0.020812928698480265,0.04220193391985708,0.49317476156435697,45679
7,0,articles,0.16518097710352456,0.07622732246537457,2.1669523703729223,45679
7,0,other,0.8055143816000941,0.8550929375632901,0.9420196872348435,45679
7,1,period,0.021035652826068063,0.026477806051478744,0.7944635890590812,45679
7,1,comma,0.01090622325630083,0.04220193391985708,0.258429466218589,45679
7,1,articles,0.16747633325745917,0.07622732246537457,2.1970643575147673,45679
7,1,other,0.8005817906796149,0.8550929375632901,0.9362512020751657,45679
7,2,period,0.0006155273754448795,0.026477806051478744,0.02324691759763469,45679
7,2,comma,0.0021179687617469134,0.04220193391985708,0.050186533294161555,45679
7,2,articles,0.22396762668737313,0.07622732246537457,2.9381541872877404,45679
7,2,other,0.7732988771334034,0.8550929375632901,0.9043448298579444,45679
7,3,period,0.013411809780375147,0.026477806051478744,0.5065302523290489,45679
7,3,comma,0.012640195092924498,0.04220193391985708,0.29951696329672145,45679
7,3,articles,0.17156581311691552,0.07622732246537457,2.250712835871251,45679
7,3,other,0.8023821822769094,0.8550929375632901,0.9383566943768854,45679
7,4,period,0.0036125532694452085,0.026477806051478744,0.13643703192105877,45679
7,4,comma,0.01100301264213882,0.04220193391985708,0.26072294845619914,45679
7,4,articles,0.19464747199344995,0.07622732246537457,2.553513172155121,45679
7,4,other,0.790736962109441,0.8550929375632901,0.9247380341635838,45679
7,5,period,0.035248135350419076,0.026477806051478744,1.3312332329154788,45679
7,5,comma,0.027667902977024556,0.04220193391985708,0.6556074664627183,45679
7,5,articles,0.14428360461906695,0.07622732246537457,1.8928069352640084,45679
7,5,other,0.7928003573673386,0.8550929375632901,0.9271510996530234,45679
7,6,period,0.02579732195539978,0.026477806051478744,0.9742998307806942,45679
7,6,comma,0.015660953837837988,0.04220193391985708,0.3710956438057714,45679
7,6,articles,0.16584600318479237,0.07622732246537457,2.1756766185789367,45679
7,6,other,0.7926957208631151,0.8550929375632901,0.9270287310780688,45679
7,7,period,0.011675299789615175,0.026477806051478744,0.440946646671397,45679
7,7,comma,0.016777013306496336,0.04220193391985708,0.3975413387063365,45679
7,7,articles,0.19446021557180976,0.07622732246537457,2.551056619627971,45679
7,7,other,0.7770874713712081,0.8550929375632901,0.908775452625805,45679
7,8,period,0.009168432294724317,0.026477806051478744,0.34626857968892305,45679
7,8,comma,0.011378235198952542,0.04220193391985708,0.26961407078074195,45679
7,8,articles,0.14088217375204515,0.07622732246537457,1.8481847347588436,45679
7,8,other,0.8385711588944496,0.8550929375632901,0.9806783824973204,45679
7,9,period,0.025711725343037548,0.026477806051478744,0.9710670624691575,45679
7,9,comma,0.019814799140497823,0.04220193391985708,0.46952348624891943,45679
7,9,articles,0.1812716743100971,0.07622732246537457,2.3780406873459023,45679
7,9,other,0.7732018017808796,0.8550929375632901,0.9042313037741009,45679
7,10,period,0.003641155420913305,0.026477806051478744,0.1375172630932521,45679
7,10,comma,0.00342970742088579,0.04220193391985708,0.08126896334653577,45679
7,10,articles,0.2002207624648582,0.07622732246537457,2.6266272510858073,45679
7,10,other,0.7927083754470974,0.8550929375632901,0.9270435301524458,45679
7,11,period,0.005549545190311997,0.026477806051478744,0.20959233478493072,45679
7,11,comma,0.010807827347819295,0.04220193391985708,0.2560979164685611,45679
7,11,articles,0.20496687153072257,0.07622732246537457,2.6888898219378823,45679
7,11,other,0.7786757550737574,0.8550929375632901,0.9106328924814951,45679
8,0,period,0.03841930311223151,0.026477806051478744,1.451000246679647,45679
8,0,comma,0.020736882931357885,0.04220193391985708,0.4913728117469198,45679
8,0,articles,0.1835753557701327,0.07622732246537457,2.4082618913122626,45679
8,0,other,0.7572684576983184,0.8550929375632901,0.8855978390562591,45679
8,1,period,0.0028734910381034034,0.026477806051478744,0.10852451417299068,45679
8,1,comma,0.008503805720511364,0.04220193391985708,0.20150274953418917,45679
8,1,articles,0.209268554349576,0.07622732246537457,2.7453221178617935,45679
8,1,other,0.7793541490588279,0.8550929375632901,0.9114262495018487,45679
8,2,period,0.04789183316522431,0.026477806051478744,1.8087538322515064,45679
8,2,comma,0.03043742233430402,0.04220193391985708,0.7212328798037011,45679
8,2,articles,0.12799617714620976,0.07622732246537457,1.6791377816576283,45679
8,2,other,0.793674567367517,0.8550929375632901,0.9281734563604355,45679
8,3,period,0.024662370131573772,0.026477806051478744,0.931435560923161,45679
8,3,comma,0.014793281845733322,0.04220193391985708,0.3505356383389034,45679
8,3,articles,0.17053677530674397,0.07622732246537457,2.2372132431151366,45679
8,3,other,0.7900075724952497,0.8550929375632901,0.9238850396150967,45679
8,4,period,0.013448630704183987,0.026477806051478744,0.5079208858179888,45679
8,4,comma,0.011427006888928825,0.04220193391985708,0.2707697450697189,45679
8,4,articles,0.19040282808933803,0.07622732246537457,2.4978291501164356,45679
8,4,other,0.784721535035014,0.8550929375632901,0.9177032116195352,45679
8,5,period,0.031897157651173735,0.026477806051478744,1.2046752510067702,45679
8,5,comma,0.028786141883388155,0.04220193391985708,0.6821048044398634,45679
8,5,articles,0.14271823919235155,0.07622732246537457,1.8722714451524878,45679
8,5,other,0.7965984609106083,0.8550929375632901,0.9315928432067627,45679
8,6,period,0.018348234526720526,0.026477806051478744,0.6929665732518577,45679
8,6,comma,0.013541176594922039,0.04220193391985708,0.32086625747145137,45679
8,6,articles,0.17955690807909055,0.07622732246537457,2.3555452595183612,45679
8,6,other,0.7885536808389948,0.8550929375632901,0.9221847663554462,45679
8,7,period,0.013163801181085883,0.026477806051478744,0.49716359261384896,45679
8,7,comma,0.022812777565687087,0.04220193391985708,0.5405623734923933,45679
8,7,articles,0.1698931586736874,0.07622732246537457,2.2287698580893944,45679
8,7,other,0.7941302637339795,0.8550929375632901,0.928706376638974,45679
8,8,period,0.023616591238754717,0.026477806051478744,0.8919391279186354,45679
8,8,comma,0.021279453521505617,0.04220193391985708,0.5042293455535954,45679
8,8,articles,0.13339241143892108,0.07622732246537457,1.7499291215366135,45679
8,8,other,0.82171154361237,0.8550929375632901,0.9609616773984297,45679
8,9,period,0.014365999214825238,0.026477806051478744,0.5425675823327106,45679
8,9,comma,0.012075584775653464,0.04220193391985708,0.2861381850079528,45679
8,9,articles,0.16978629069030576,0.07622732246537457,2.227367893807753,45679
8,9,other,0.80377212537459,0.8550929375632901,0.9399821821298793,45679
8,10,period,0.031464327979941,0.026477806051478744,1.1883283652266108,45679
8,10,comma,0.019463250545391452,0.04220193391985708,0.4611933325698493,45679
8,10,articles,0.1608465284751898,0.07622732246537457,2.110090231074987,45679
8,10,other,0.7882258934178671,0.8550929375632901,0.9218014309228536,45679
8,11,period,0.02320043026825077,0.026477806051478744,0.8762217769532707,45679
8,11,comma,0.014877352193401586,0.04220193391985708,0.3525277353794778,45679
8,11,articles,0.1598507804188052,0.07622732246537457,2.0970273551378598,45679
8,11,other,0.8020714366344538,0.8550929375632901,0.9379932886828317,45679
9,0,period,0.010008642336205416,0.026477806051478744,0.37800119529338605,45679
9,0,comma,0.006011944612936394,0.04220193391985708,0.14245661405833399,45679
9,0,articles,0.13217786002621346,0.07622732246537457,1.733995839697161,45679
9,0,other,0.8518015528332612,0.8550929375632901,0.9961508456152051,45679
9,1,period,0.009438723782557348,0.026477806051478744,0.35647680794271136,45679
9,1,comma,0.007481874823941375,0.04220193391985708,0.17728748730211538,45679
9,1,articles,0.20435396748815987,0.07622732246537457,2.6808493448131467,45679
9,1,other,0.778725434463486,0.8550929375632901,0.910690990715671,45679
9,2,period,0.0160964736473932,0.026477806051478744,0.607923240169449,45679
9,2,comma,0.01113349337080356,0.04220193391985708,0.2638147671608236,45679
9,2,articles,0.14130896522584935,0.07622732246537457,1.8537836651685804,45679
9,2,other,0.8314610675747498,0.8550929375632901,0.9723633900475396,45679
9,3,period,0.03871917697868784,0.026477806051478744,1.4623257268147198,45679
9,3,comma,0.028437477746306238,0.04220193391985708,0.6738429997144202,45679
9,3,articles,0.14505871855476288,0.07622732246537457,1.902975388131391,45679
9,3,other,0.7877846268144932,0.8550929375632901,0.9212853857259053,45679
9,4,period,0.020168221312216145,0.026477806051478744,0.7617028870520706,45679
9,4,comma,0.007771139564501195,0.04220193391985708,0.18414178789196853,45679
9,4,articles,0.19829989134490678,0.07622732246537457,2.6014280041776665,45679
9,4,other,0.7737607475610542,0.8550929375632901,0.9048849704758366,45679
9,5,period,0.009785537771225398,0.026477806051478744,0.3695750981860104,45679
9,5,comma,0.013743296853476293,0.04220193391985708,0.3256556175737179,45679
9,5,articles,0.18283182013951899,0.07622732246537457,2.398507703357524,45679
9,5,other,0.7936393451270793,0.8550929375632901,0.9281322652350146,45679
9,6,period,0.0021899191693834914,0.026477806051478744,0.08270772756344696,45679
9,6,comma,0.002801666528072251,0.04220193391985708,0.06638715973046902,45679
9,6,articles,0.18964807128753083,0.07622732246537457,2.4879277554800168,45679
9,6,other,0.8053603435119493,0.8550929375632901,0.9418395453094713,45679
9,7,period,0.032163066584572395,0.026477806051478744,1.2147179612253463,45679
9,7,comma,0.017939347000740815,0.04220193391985708,0.4250835289872793,45679
9,7,articles,0.16900482501236608,0.07622732246537457,2.217116114620642,45679
9,7,other,0.7808927611448327,0.8550929375632901,0.9132256002138184,45679
9,8,period,0.018130885531382746,0.026477806051478744,0.684757849503553,45679
9,8,comma,0.0075390226534616574,0.04220193391985708,0.1786416392144142,45679
9,8,articles,0.1308246176808829,0.07622732246537457,1.716243119260926,45679
9,8,other,0.8435054739639685,0.8550929375632901,0.98644888398641,45679
9,9,period,0.004337045502379943,0.026477806051478744,0.16379927755146184,45679
9,9,comma,0.0030086918303066207,0.04220193391985708,0.07129274776886362,45679
9,9,articles,0.18645952840857963,0.07622732246537457,2.446098359197607,45679
9,9,other,0.8061947344476591,0.8550929375632901,0.9428153350734326,45679
9,10,period,0.011875538119547207,0.026477806051478744,0.44850914371298434,45679
9,10,comma,0.016568940413344304,0.04220193391985708,0.39261092737620246,45679
9,10,articles,0.17963175424434819,0.07622732246537457,2.3565271405924553,45679
9,10,other,0.7919237675893076,0.8550929375632901,0.9261259598822181,45679
9,11,period,0.021576927946750143,0.026477806051478744,0.814906186139433,45679
9,11,comma,0.014825212019217356,0.04220193391985708,0.3512922428477079,45679
9,11,articles,0.19907530489185518,0.07622732246537457,2.6116003875419205,45679
9,11,other,0.7645225550105685,0.8550929375632901,0.8940812412615465,45679
10,0,period,0.003745230095954777,0.026477806051478744,0.1414479012601428,45679
10,0,comma,0.004223167949347716,0.04220193391985708,0.10007048391117943,45679
10,0,articles,0.1289544643630572,0.07622732246537457,1.691709221737827,45679
10,0,other,0.863077137110717,0.8550929375632901,1.0093372301380235,45679
10,1,period,0.0022428050059430725,0.026477806051478744,0.08470509231703566,45679
10,1,comma,0.0030180794975837692,0.04220193391985708,0.07151519414525423,45679
10,1,articles,0.17379202016522766,0.07622732246537457,2.2799176797029803,45679
10,1,other,0.8209470958325003,0.8550929375632901,0.9600676836039679,45679
10,2,period,0.01639670210173614,0.026477806051478744,0.6192621121952968,45679
10,2,comma,0.011082042660820631,0.04220193391985708,0.2625956118946068,45679
10,2,articles,0.17246123546586295,0.07622732246537457,2.262459573392488,45679
10,2,other,0.8000600199053632,0.8550929375632901,0.9356410101868564,45679
10,3,period,0.04868583997723117,0.026477806051478744,1.838741468329176,45679
10,3,comma,0.019124312629582363,0.04220193391985708,0.45316199645969035,45679
10,3,articles,0.14778408842944932,0.07622732246537457,1.9387285772313283,45679
10,3,other,0.7844057581922702,0.8550929375632901,0.9173339221202632,45679
10,4,period,0.05543481700363365,0.026477806051478744,2.093633320519685,45679
10,4,comma,0.02619201040196734,0.04220193391985708,0.6206353114458418,45679
10,4,articles,0.14330330806924876,0.07622732246537457,1.8799467623219053,45679
10,4,other,0.7750698643558531,0.8550929375632901,0.9064159348158409,45679
10,5,period,0.015498623758086229,0.026477806051478744,0.5853439566689724,45679
10,5,comma,0.01591671950536513,0.04220193391985708,0.3771561638760803,45679
10,5,articles,0.1944845557584131,0.07622732246537457,2.5513759301562193,45679
10,5,other,0.774100101578627,0.8550929375632901,0.9052818326210671,45679
10,6,period,0.004439705415765543,0.026477806051478744,0.1676764837363703,45679
10,6,comma,0.0042264706007966125,0.04220193391985708,0.10014874220747383,45679
10,6,articles,0.1653155845714766,0.07622732246537457,2.168718239402537,45679
10,6,other,0.8260182398272558,0.8550929375632901,0.965998201530132,45679
10,7,period,0.018812766675562653,0.026477806051478744,0.7105107817085166,45679
10,7,comma,0.02065151948823587,0.04220193391985708,0.4893500740381664,45679
10,7,articles,0.13756331002651326,0.07622732246537457,1.8046457041567987,45679
10,7,other,0.8229724039717908,0.8550929375632901,0.9624362075974674,45679
10,8,period,0.014410013888063615,0.026477806051478744,0.5442299056065046,45679
10,8,comma,0.012373985586420281,0.04220193391985708,0.29320897023152787,45679
10,8,articles,0.20227695330680293,0.07622732246537457,2.6536017108391157,45679
10,8,other,0.7709390475582026,0.8550929375632901,0.901585095247195,45679
10,9,period,0.025896372967407346,0.026477806051478744,0.9780407378564159,45679
10,9,comma,0.014047630523215091,0.04220193391985708,0.33286698542990995,45679
10,9,articles,0.16018910737702396,0.07622732246537457,2.1014657500240563,45679
10,9,other,0.7998668900624553,0.8550929375632901,0.9354151518802045,45679
10,10,period,0.005653934621922675,0.026477806051478744,0.213534860514129,45679
10,10,comma,0.00598653266452254,0.04220193391985708,0.14185446278104627,45679
10,10,articles,0.16900519482444742,0.07622732246537457,2.2171209660580193,45679
10,10,other,0.819354338062327,0.8550929375632901,0.9582050114893882,45679
10,11,period,0.0158206466670992,0.026477806051478744,0.5975059503170446,45679
10,11,comma,0.014376225285971952,0.04220193391985708,0.3406532343582381,45679
10,11,articles,0.17416657457164852,0.07622732246537457,2.284831330009811,45679
10,11,other,0.795636553630813,0.8550929375632901,0.9304679277296961,45679
11,0,period,0.02664105150382232,0.026477806051478744,1.0061653692917831,45679
11,0,comma,0.03989842545749164,0.04220193391985708,0.9454169928150714,45679
11,0,articles,0.1010716288288014,0.07622732246537457,1.325923901822894,45679
11,0,other,0.8323888943124615,0.8550929375632901,0.9734484495737656,45679
11,1,period,0.014580901634486243,0.026477806051478744,0.5506839050840439,45679
11,1,comma,0.016933603627742544,0.04220193391985708,0.40125183978298334,45679
11,1,articles,0.16741080291247656,0.07622732246537457,2.196204687479625,45679
11,1,other,0.8010746917080479,0.8550929375632901,0.9368276318487966,45679
11,2,period,0.016568427658954336,0.026477806051478744,0.6257477536749694,45679
11,2,comma,0.01083378489918648,0.04220193391985708,0.2567129961333101,45679
11,2,articles,0.15977994555028285,0.07622732246537457,2.0960980968846328,45679
11,2,other,0.8128178416005978,0.8550929375632901,0.9505608173034837,45679
11,3,period,0.039346512623491425,0.026477806051478744,1.4860186129845143,45679
11,3,comma,0.020178951341552395,0.04220193391985708,0.47815228988967456,45679
11,3,articles,0.15803452954548156,0.07622732246537457,2.073200585226734,45679
11,3,other,0.7824400063010493,0.8550929375632901,0.9150350469864997,45679
11,4,period,0.037300366367002916,0.026477806051478744,1.4087408259763934,45679
11,4,comma,0.03362096793018223,0.04220193391985708,0.796668891857648,45679
11,4,articles,0.14512681474534073,0.07622732246537457,1.903868718611532,45679
11,4,other,0.7839518505291279,0.8550929375632901,0.9168030936650127,45679
11,5,period,0.015442039235108075,0.026477806051478744,0.5832069018515097,45679
11,5,comma,0.012409032907028801,0.04220193391985708,0.29403943740099636,45679
11,5,articles,0.1712100569656183,0.07622732246537457,2.246045793401554,45679
11,5,other,0.8009388712448403,0.8550929375632901,0.9366687947712801,45679
11,6,period,0.00718955301707721,0.026477806051478744,0.27153129693219746,45679
11,6,comma,0.005196223848825198,0.04220193391985708,0.12312762393052899,45679
11,6,articles,0.1710177237175712,0.07622732246537457,2.2435226397366135,45679
11,6,other,0.8165964992492033,0.8550929375632901,0.9549798195927242,45679
11,7,period,0.028715657116657592,0.026477806051478744,1.0845179944602648,45679
11,7,comma,0.0170759254503583,0.04220193391985708,0.4046242402726394,45679
11,7,articles,0.16367078224617276,0.07622732246537457,2.147140643966846,45679
11,7,other,0.7905376353129148,0.8550929375632901,0.9245049287457163,45679
11,8,period,0.05616346019276205,0.026477806051478744,2.121152337303468,45679
11,8,comma,0.044460782575869454,0.04220193391985708,1.0535247664313678,45679
11,8,articles,0.08398746751109815,0.07622732246537457,1.1018026712042592,45679
11,8,other,0.8153882895942012,0.8550929375632901,0.9535668624720104,45679
11,9,period,0.005288844556801183,0.026477806051478744,0.19974632892613886,45679
11,9,comma,0.004812528706689841,0.04220193391985708,0.11403573864242804,45679
11,9,articles,0.17694661234343775,0.07622732246537457,2.3213016884308617,45679
11,9,other,0.8129520144387541,0.8550929375632901,0.9507177275436017,45679
11,10,period,0.036816773509067834,0.026477806051478744,1.3904767425778344,45679
11,10,comma,0.02672353711321408,0.04220193391985708,0.6332301539536788,45679
11,10,articles,0.13370442391057247,0.07622732246537457,1.7540223057330426,45679
11,10,other,0.8027552655519381,0.8550929375632901,0.9387930016583979,45679
11,11,period,0.060163406501466524,0.026477806051478744,2.272220227933367,45679
11,11,comma,0.03155213569479912,0.04220193391985708,0.7476466778683107,45679
11,11,articles,0.12705179587513124,0.07622732246537457,1.666748768892455,45679
11,11,other,0.7812326616980397,0.8550929375632901,0.9136231015125376,45679
