layer,head,token_class,mean_abs_gradient_per_edge,attention_weighted_abs_gradient,gradient_ratio_to_other,n_edges,n_queries
0,0,period,0.14076128238667268,0.1742269498305827,1.447279350269202,80788,45679
0,0,comma,0.13072546504920485,0.15625246508199778,1.3440930837808682,126748,45679
0,0,articles,0.14711064713470534,0.15423405906218923,1.5125622486013712,227602,45679
0,0,other,0.0972592349642039,0.09184742034873873,1.0,2552571,45679
0,1,period,0.19718607517759998,0.12969195322514146,1.2941093314674341,80788,45679
0,1,comma,0.18546935397665854,0.12144794083613887,1.217213849741942,126748,45679
0,1,articles,0.1801544496209388,0.07769151195419374,1.1823327491551032,227602,45679
0,1,other,0.15237203718638212,0.1746171842097612,1.0,2552571,45679
0,2,period,0.20075803291510363,0.14343713020077578,1.410765726090923,80788,45679
0,2,comma,0.2075412325741526,0.1856771896218421,1.458432588797556,126748,45679
0,2,articles,0.27156720808475704,0.30897894375966795,1.9083555658178297,227602,45679
0,2,other,0.14230430269339056,0.1422516618095449,1.0,2552571,45679
0,3,period,0.1460989403454426,0.1201685663471458,1.0923305086137112,80788,45679
0,3,comma,0.1437764824780427,0.07756697884129586,1.0749663061250927,126748,45679
0,3,articles,0.137020440548396,0.06550192286435287,1.024453751415405,227602,45679
0,3,other,0.13374975723314586,0.12585664469034052,1.0,2552571,45679
0,4,period,0.08526815334561531,0.08405961588442659,1.3816793370353475,80788,45679
0,4,comma,0.08635950519205404,0.08921018525124938,1.3993635278673906,126748,45679
0,4,articles,0.07271389347642698,0.045379373343026205,1.1782509669764625,227602,45679
0,4,other,0.061713417187358496,0.06890281817081265,1.0,2552571,45679
0,5,period,0.08129737176963032,0.08673168611266709,1.577042595283805,80788,45679
0,5,comma,0.08139258326149104,0.06846858675110895,1.5788895501724616,126748,45679
0,5,articles,0.05716873459182535,0.0323831880092337,1.1089845539565497,227602,45679
0,5,other,0.05155052375424269,0.05101627305769189,1.0,2552571,45679
0,6,period,0.15417226261990205,0.24727253841657215,1.560305472605865,80788,45679
0,6,comma,0.16293210930510993,0.2656482806833259,1.6489597901196158,126748,45679
0,6,articles,0.14984475613438214,0.22097489315530652,1.5165088003812306,227602,45679
0,6,other,0.09880902510866611,0.10242114138475267,1.0,2552571,45679
0,7,period,0.10411657066119552,0.09898630196080435,0.8881140147946736,80788,45679
0,7,comma,0.1035127007823907,0.10188027638567723,0.8829630066595314,126748,45679
0,7,articles,0.12548910567521845,0.11655104293522797,1.0704216701189186,227602,45679
0,7,other,0.11723333820519274,0.14218562031721696,1.0,2552571,45679
0,8,period,0.15614832531668332,0.12887847487633017,1.1536306186349974,80788,45679
0,8,comma,0.14789054110062744,0.11763088374203376,1.0926217496996284,126748,45679
0,8,articles,0.1735770995661796,0.13569749204676146,1.2823951608016744,227602,45679
0,8,other,0.1353538323223786,0.15276433973728365,1.0,2552571,45679
0,9,period,0.6775847052772305,0.6763506916576938,1.9063610691231911,80788,45679
0,9,comma,0.689534673155388,0.6809924766117882,1.9399818893140357,126748,45679
0,9,articles,0.6203488792233212,0.6005281841037377,1.7453300575043016,227602,45679
0,9,other,0.35543356201083026,0.3650592609975067,1.0,2552571,45679
0,10,period,0.7583856858471576,0.731668192700944,2.396139061742842,80788,45679
0,10,comma,0.6992301090487509,0.66294078030567,2.2092354967998227,126748,45679
0,10,articles,0.5333050374752192,0.47740315945637474,1.6849909695897678,227602,45679
0,10,other,0.31650320215369404,0.32144922768428136,1.0,2552571,45679
0,11,period,0.11680836296897992,0.11413906602082828,1.007937765082378,80788,45679
0,11,comma,0.10544387504919557,0.10151112733906435,0.9098737543897953,126748,45679
0,11,articles,0.11769202730820683,0.10790852832688315,1.0155628925691822,227602,45679
0,11,other,0.11588846753790723,0.10963819887440422,1.0,2552571,45679
1,0,period,0.12209181241665336,0.12776561424968402,1.2693372765051987,80788,45679
1,0,comma,0.12675282337748692,0.12598238282903532,1.3177958491291755,126748,45679
1,0,articles,0.08982526897019237,0.08519689986920399,0.933875581164022,227602,45679
1,0,other,0.09618547778948279,0.09622149748580161,1.0,2552571,45679
1,1,period,0.09675550170998069,0.09539283848956272,0.5787601182092605,80788,45679
1,1,comma,0.10845418751835298,0.10982368691631499,0.6487378730829982,126748,45679
1,1,articles,0.1818202844985847,0.18082305288061512,1.0875901368861112,227602,45679
1,1,other,0.16717720980732315,0.16731629529787231,1.0,2552571,45679
1,2,period,0.9810873352809739,0.9938401085420163,1.2021938832373,80788,45679
1,2,comma,0.8911054093812419,1.0067514140716098,1.091932832025596,126748,45679
1,2,articles,0.8544406216289107,0.9907241573972978,1.0470049423454963,227602,45679
1,2,other,0.816080791094258,0.9525635602679055,1.0,2552571,45679
1,3,period,1.1027836906266284,1.2642233109785528,1.085018280294545,80788,45679
1,3,comma,1.1115090956313403,1.2326064257658262,1.09360312246582,126748,45679
1,3,articles,1.0413945985283184,0.2256416761338996,1.0246181422588587,227602,45679
1,3,other,1.0163733742138066,0.4866118127100219,1.0,2552571,45679
1,4,period,0.38948093050093086,0.3740062598956107,1.0215159639934743,80788,45679
1,4,comma,0.3658641038776516,0.3514605767550208,0.9595746376658477,126748,45679
1,4,articles,0.36089753080094855,0.36333919236770923,0.9465484962379037,227602,45679
1,4,other,0.38127738011876916,0.36318746996363693,1.0,2552571,45679
1,5,period,0.24264178985823062,0.2415085451893978,1.9455228796493922,80788,45679
1,5,comma,0.14699377100497704,0.12303913968068375,1.1786087830262746,126748,45679
1,5,articles,0.23171389633978604,0.21512784100646967,1.8579020832526618,227602,45679
1,5,other,0.12471803462005944,0.13464394736842727,1.0,2552571,45679
1,6,period,0.13764518288162345,0.13650886802164608,1.0076308237118736,80788,45679
1,6,comma,0.1827089988017066,0.17837097931789217,1.3375202466799467,126748,45679
1,6,articles,0.13292199153029527,0.11556333707519448,0.9730547267337426,227602,45679
1,6,other,0.13660279106446063,0.1415147169071297,1.0,2552571,45679
1,7,period,0.30201753521841024,0.29593750015117815,1.4075574876257537,80788,45679
1,7,comma,0.300331053020335,0.2895871231567461,1.3996976107350572,126748,45679
1,7,articles,0.28663559210832995,0.2646884215936827,1.33586969909,227602,45679
1,7,other,0.21456852588511235,0.21728183817490984,1.0,2552571,45679
1,8,period,0.138047297996035,0.13579755783722233,0.9120968618963265,80788,45679
1,8,comma,0.14205133251831567,0.14063333822620325,0.9385520506302752,126748,45679
1,8,articles,0.11982348900103726,0.11519641384239347,0.7916897316052802,227602,45679
1,8,other,0.15135157652995646,0.14581651689033232,1.0,2552571,45679
1,9,period,0.12564607344518502,0.12380642801346897,1.1479861989471296,80788,45679
1,9,comma,0.10184724426022475,0.10251530608167317,0.9305442470714617,126748,45679
1,9,articles,0.09791477536947309,0.09919137615781858,0.8946145925220792,227602,45679
1,9,other,0.10944911494617336,0.1089470845797105,1.0,2552571,45679
1,10,period,0.6913779632165118,0.5706407709795255,1.0110286689293446,80788,45679
1,10,comma,0.721571514057034,0.6223370804401019,1.0551818631887109,126748,45679
1,10,articles,0.68470889149988,0.5842493895717356,1.0012762280657512,227602,45679
1,10,other,0.6838361605993475,0.5773547431089768,1.0,2552571,45679
1,11,period,0.2819723372211995,0.2645439728239994,3.9083409156047217,80788,45679
1,11,comma,0.26095199716748596,0.23048834793026168,3.6169837707816628,126748,45679
1,11,articles,0.05112595138093197,0.04182326930828723,0.708642732831493,227602,45679
1,11,other,0.07214630026141695,0.07189239802944136,1.0,2552571,45679
2,0,period,0.3337539044344679,0.34794474378185525,1.8832960321858738,80788,45679
2,0,comma,0.321433956518326,0.3388500548410143,1.813777417665029,126748,45679
2,0,articles,0.24160688134634015,0.1934218842587041,1.3633317092106336,227602,45679
2,0,other,0.17721797249638538,0.16186669715029856,1.0,2552571,45679
2,1,period,0.13266796854186824,0.12836410846343213,0.6468501120010673,80788,45679
2,1,comma,0.08348440855583364,0.0836886196315541,0.4070454957455806,126748,45679
2,1,articles,0.0756525356266575,0.04483402201763626,0.3688595799054889,227602,45679
2,1,other,0.20509847038822085,0.17665725863175577,1.0,2552571,45679
2,2,period,0.05214793599540194,0.04437638704007794,0.5799608111384082,80788,45679
2,2,comma,0.06192373777965741,0.06348424996941326,0.6886819297043474,126748,45679
2,2,articles,0.07512884336268412,0.06916230490748335,0.8355418887595968,227602,45679
2,2,other,0.08991630985038536,0.08685261028712463,1.0,2552571,45679
2,3,period,0.19915991302155334,0.1790722103975661,1.2910371377678906,80788,45679
2,3,comma,0.18660248693835893,0.182771252353478,1.2096346949659365,126748,45679
2,3,articles,0.10731951091447246,0.10128798936656119,0.695689569731214,227602,45679
2,3,other,0.1542635042752421,0.14215931729799722,1.0,2552571,45679
2,4,period,0.09342847219068257,0.0804856737093405,0.8623683299820836,80788,45679
2,4,comma,0.09311427091252879,0.08680494145673939,0.8594681730474106,126748,45679
2,4,articles,0.08948800042641826,0.07336485527349149,0.825996783118353,227602,45679
2,4,other,0.10833940549813978,0.10038604946579632,1.0,2552571,45679
2,5,period,0.1323082602721668,0.11686076555085531,0.8277100637322874,80788,45679
2,5,comma,0.11455101073537119,0.11678979306382793,0.716622108108226,126748,45679
2,5,articles,0.20110278752946795,0.18723870632853234,1.2580832121921042,227602,45679
2,5,other,0.1598485581721286,0.14620323285126394,1.0,2552571,45679
2,6,period,0.08144668159566436,0.07264707876877621,0.24114676486708672,80788,45679
2,6,comma,0.0877359662555755,0.07999952030897689,0.2597680348728435,126748,45679
2,6,articles,0.20752809881854975,0.1473892716717763,0.6144477426048305,227602,45679
2,6,other,0.33774735332052025,0.2421468173744251,1.0,2552571,45679
2,7,period,0.18370473154901923,0.18977648153814627,0.82168839874616,80788,45679
2,7,comma,0.2122402306316582,0.22418696138932565,0.9493241343688951,126748,45679
2,7,articles,0.1980380830619209,0.13116108718287173,0.8857996960110284,227602,45679
2,7,other,0.22356982504479803,0.21251731810788843,1.0,2552571,45679
2,8,period,0.15488454423886597,0.13229144502001092,1.3054266804510783,80788,45679
2,8,comma,0.16536712303787018,0.1662204997023146,1.3937778978782145,126748,45679
2,8,articles,0.15816382290825373,0.14595815018547056,1.3330657059502973,227602,45679
2,8,other,0.11864668200694888,0.1215328298685886,1.0,2552571,45679
2,9,period,0.19668288616529195,0.15234346840190963,1.2723911458032033,80788,45679
2,9,comma,0.23006178817047318,0.23047622947413804,1.488327672849755,126748,45679
2,9,articles,0.23268121917503645,0.19652667205435648,1.5052734319965255,227602,45679
2,9,other,0.15457737725857473,0.13281577485588522,1.0,2552571,45679
2,10,period,0.85393456167132,0.9111341485110734,1.286999416169326,80788,45679
2,10,comma,0.7574992737174274,0.8594877607647096,1.1416578819751033,126748,45679
2,10,articles,0.8142047533659346,0.9231214871287141,1.2271210105061632,227602,45679
2,10,other,0.6635081189181914,0.7644751713323524,1.0,2552571,45679
2,11,period,1.2182217146253074,1.2399280156758243,0.9833147989821466,80788,45679
2,11,comma,1.3110699737282923,1.276592781623482,1.058259339979575,126748,45679
2,11,articles,1.2209280244183343,0.30292818118084996,0.9854992572282648,227602,45679
2,11,other,1.2388928915605855,0.6610700718966427,1.0,2552571,45679
3,0,period,0.3032281020011755,0.3120221525271847,1.769420723669047,80788,45679
3,0,comma,0.32249484072125484,0.31162198534844787,1.8818475289151289,126748,45679
3,0,articles,0.1428324644382052,0.08897811121639966,0.8334673498985351,227602,45679
3,0,other,0.1713713973985824,0.10932136500514629,1.0,2552571,45679
3,1,period,0.08473390826296716,0.08016857042936915,0.7618623777424789,80788,45679
3,1,comma,0.0896066630163505,0.09172501697797021,0.8056744548515326,126748,45679
3,1,articles,0.07561051898662932,0.07320821138278873,0.6798318519514385,227602,45679
3,1,other,0.11121944164515302,0.09771981485840134,1.0,2552571,45679
3,2,period,0.09940771224325624,0.08832676723745497,1.0930638007659264,80788,45679
3,2,comma,0.09171910055486786,0.10007648119747681,1.0085216367318348,126748,45679
3,2,articles,0.06691701646296698,0.05987621041278004,0.7358037590880061,227602,45679
3,2,other,0.09094410790440573,0.0853920236542657,1.0,2552571,45679
3,3,period,0.08068554954739948,0.072236898449674,0.7246457217732629,80788,45679
3,3,comma,0.07811307932646894,0.07119153338706907,0.7015420861105803,126748,45679
3,3,articles,0.09746819504873659,0.040625728376162414,0.8753724916942741,227602,45679
3,3,other,0.11134482288801187,0.0787017225253132,1.0,2552571,45679
3,4,period,0.3070414169093095,0.29967457079445536,1.173599885838711,80788,45679
3,4,comma,0.3587069370979265,0.34778089560575476,1.3710802427414028,126748,45679
3,4,articles,0.24122573551780715,0.1238803434030629,0.9220335761695541,227602,45679
3,4,other,0.26162359132293445,0.16817814293023414,1.0,2552571,45679
3,5,period,0.18155472816676504,0.19247422605343895,0.9137461365806994,80788,45679
3,5,comma,0.16810559289014593,0.18637867551640983,0.8460580321537307,126748,45679
3,5,articles,0.11484535373612809,0.05719161628340687,0.5780047666081152,227602,45679
3,5,other,0.198692745061725,0.12940006968293827,1.0,2552571,45679
3,6,period,0.20574687512838855,0.20389410046265138,1.8903116005919096,80788,45679
3,6,comma,0.21948640503510045,0.24414348789310641,2.0165443453328935,126748,45679
3,6,articles,0.10592070227725736,0.0887306670518768,0.9731527253213437,227602,45679
3,6,other,0.10884283578641925,0.09807240047988924,1.0,2552571,45679
3,7,period,0.10998284168637626,0.08823192618732123,1.097622842336324,80788,45679
3,7,comma,0.09547526329558069,0.08733277463299721,0.952837990585266,126748,45679
3,7,articles,0.10441661105240999,0.07844489253278009,1.0420721601037664,227602,45679
3,7,other,0.10020094101929804,0.09082705974915137,1.0,2552571,45679
3,8,period,0.08247583561595898,0.07666204707936661,0.7475473926965873,80788,45679
3,8,comma,0.08043993791825221,0.07954772859299858,0.7290943512166028,126748,45679
3,8,articles,0.10353972225236135,0.0958098460020237,0.9384669925709075,227602,45679
3,8,other,0.11032857103340077,0.10007883159961524,1.0,2552571,45679
3,9,period,0.0964913128854624,0.0895907709053467,1.0181640302249042,80788,45679
3,9,comma,0.10132948935901227,0.1041069274171779,1.0692158514711982,126748,45679
3,9,articles,0.10290748757742466,0.06592410565999456,1.0858666874656635,227602,45679
3,9,other,0.09476990938694647,0.07858035216098147,1.0,2552571,45679
3,10,period,0.24138342030059834,0.253039730141292,1.0750655330852128,80788,45679
3,10,comma,0.2351613959335165,0.23140143999998744,1.0473540857342059,126748,45679
3,10,articles,0.17588674880371571,0.08048999452459397,0.7833586131550181,227602,45679
3,10,other,0.22452902904242358,0.14096127370629927,1.0,2552571,45679
3,11,period,0.15082094119953623,0.14150600446830353,1.5367987050022958,80788,45679
3,11,comma,0.16381819961846342,0.1694054344641324,1.6692350215238962,126748,45679
3,11,articles,0.1441673564603164,0.09824437618171654,1.469001618407218,227602,45679
3,11,other,0.09813968524870076,0.09357568956308333,1.0,2552571,45679
4,0,period,0.08029703106271792,0.07354189804444053,0.964376501835621,80788,45679
4,0,comma,0.06506074125882395,0.06604566976927367,0.7813869234219898,126748,45679
4,0,articles,0.057184457554443915,0.03650002687921849,0.6867918577543424,227602,45679
4,0,other,0.08326315594571033,0.066946869162526,1.0,2552571,45679
4,1,period,0.08196882105847615,0.07534015760421543,0.9014204315280276,80788,45679
4,1,comma,0.06996160984370993,0.07689558482864697,0.7693757665579011,126748,45679
4,1,articles,0.07106560801044241,0.045642439273038043,0.7815165597401307,227602,45679
4,1,other,0.09093295225129087,0.07552855745866123,1.0,2552571,45679
4,2,period,0.12837017960479488,0.12707916143365836,0.8291034106548981,80788,45679
4,2,comma,0.1362102912950353,0.13264238641746767,0.8797402747794606,126748,45679
4,2,articles,0.11792489853623375,0.06056419330338946,0.7616405607480528,227602,45679
4,2,other,0.1548301188429522,0.08699282454958868,1.0,2552571,45679
4,3,period,0.12033941916746828,0.1276725786766513,1.206480698199119,80788,45679
4,3,comma,0.10091822415094737,0.10098465863530125,1.0117706265908653,126748,45679
4,3,articles,0.07188100769689192,0.034457070515195226,0.7206537056051082,227602,45679
4,3,other,0.09974417273902157,0.0811473543776102,1.0,2552571,45679
4,4,period,0.2511437616493336,0.2566886036934038,1.0489693788039962,80788,45679
4,4,comma,0.18729707433997872,0.18650005401565786,0.7822965397664884,126748,45679
4,4,articles,0.1717794086175944,0.07978318937443174,0.7174828407663693,227602,45679
4,4,other,0.2394195357119769,0.1422233239709084,1.0,2552571,45679
4,5,period,0.13342172396431673,0.14498644787471993,1.3131784562624451,80788,45679
4,5,comma,0.11078531926084366,0.12059245489641321,1.090383861045037,126748,45679
4,5,articles,0.11068057073099827,0.052256062902069175,1.0893528931589158,227602,45679
4,5,other,0.10160212675439426,0.07148287473312845,1.0,2552571,45679
4,6,period,0.22794156666580706,0.21058400351262227,1.0194745038817603,80788,45679
4,6,comma,0.23062910308489246,0.2339483303467657,1.031494579454586,126748,45679
4,6,articles,0.20198275237979219,0.10380090024540134,0.9033730411134797,227602,45679
4,6,other,0.22358731463895828,0.1706582174202836,1.0,2552571,45679
4,7,period,0.10571556799849545,0.07448379543965357,0.8658604360101071,80788,45679
4,7,comma,0.13342407184724528,0.10367689714076965,1.0928061704738117,126748,45679
4,7,articles,0.11726972381543661,0.06876802896978604,0.9604944296857384,227602,45679
4,7,other,0.12209308059579875,0.08881089182978816,1.0,2552571,45679
4,8,period,0.19996302261801346,0.19366575459180518,0.7878657228680057,80788,45679
4,8,comma,0.17942516137599826,0.17975170423951597,0.7069453772873451,126748,45679
4,8,articles,0.22215933320469133,0.06192537231817042,0.8753204535297954,227602,45679
4,8,other,0.2538034297140175,0.13128292443386344,1.0,2552571,45679
4,9,period,0.12551569341129706,0.12802653079501827,0.9819913215290187,80788,45679
4,9,comma,0.1116153031264301,0.11083580274255977,0.873239481383609,126748,45679
4,9,articles,0.09288606651965138,0.046911654941789664,0.726708419754108,227602,45679
4,9,other,0.12781751799584307,0.08859575296187722,1.0,2552571,45679
4,10,period,0.22673076596463848,0.23180760713576298,0.8353885170376917,80788,45679
4,10,comma,0.20364038300875353,0.201985269549099,0.7503121018750597,126748,45679
4,10,articles,0.19515331203207123,0.06575106746808185,0.7190415259254771,227602,45679
4,10,other,0.27140756826372403,0.12570818756077096,1.0,2552571,45679
4,11,period,0.07380613761533053,0.038270923857125785,0.741776486055081,80788,45679
4,11,comma,0.07885770786932264,0.05033536946417989,0.7925464647199489,126748,45679
4,11,articles,0.07528417374410468,0.03885348942787994,0.7566312458526837,227602,45679
4,11,other,0.09949916046523213,0.06302652822064515,1.0,2552571,45679
5,0,period,0.16325438926040034,0.15474628804069787,0.9061033999663667,80788,45679
5,0,comma,0.16927676877336448,0.14597136400338745,0.9395291386390374,126748,45679
5,0,articles,0.1444769523295398,0.07221403837384964,0.8018838471397168,227602,45679
5,0,other,0.18017191996681628,0.09373910881198336,1.0,2552571,45679
5,1,period,0.2462768991476677,0.17940815571256302,1.2017204510985804,80788,45679
5,1,comma,0.21360901836693608,0.15952812939909009,1.0423158923920142,126748,45679
5,1,articles,0.1775584068136936,0.06987463438893704,0.8664051296364466,227602,45679
5,1,other,0.20493692931873467,0.07770972026861643,1.0,2552571,45679
5,2,period,0.1336470905437851,0.1418159232441792,0.9353370124192011,80788,45679
5,2,comma,0.14928993768242382,0.15317935766510143,1.0448143968415062,126748,45679
5,2,articles,0.14291974140788177,0.05354134608734183,1.0002322040851137,227602,45679
5,2,other,0.14288656256434648,0.09428486431805154,1.0,2552571,45679
5,3,period,0.10062388099177529,0.09622462822279715,0.7848803992263065,80788,45679
5,3,comma,0.11241709023993478,0.11476655226439007,0.8768690871165238,126748,45679
5,3,articles,0.11494381382263295,0.07478982342366078,0.8965778858109885,227602,45679
5,3,other,0.12820282057108953,0.10123148911110173,1.0,2552571,45679
5,4,period,0.17284104561064326,0.17592287339970367,1.2849398485184473,80788,45679
5,4,comma,0.13563524630544044,0.15808505756383703,1.0083434303798429,126748,45679
5,4,articles,0.12708834260204963,0.06147526108335069,0.9448037942295483,227602,45679
5,4,other,0.13451294689781104,0.09740904249033788,1.0,2552571,45679
5,5,period,0.16732781644775202,0.15308502060816745,0.9393777830697261,80788,45679
5,5,comma,0.19753508889218996,0.18218230810764158,1.108961306143427,126748,45679
5,5,articles,0.15569506093642274,0.10314738575455684,0.8740715338446502,227602,45679
5,5,other,0.1781262229781008,0.11676404682693224,1.0,2552571,45679
5,6,period,0.11523033187501654,0.1112095148826907,0.9168237796555493,80788,45679
5,6,comma,0.09568690724209136,0.0792127009676294,0.7613275995455564,126748,45679
5,6,articles,0.11369756411286651,0.03391751485011198,0.9046283975008507,227602,45679
5,6,other,0.12568427481048602,0.06093091222183125,1.0,2552571,45679
5,7,period,0.16122577891954998,0.17596418803153802,1.2052353632406194,80788,45679
5,7,comma,0.14545473275549248,0.13465201151882872,1.087339685020903,126748,45679
5,7,articles,0.12516365119157058,0.04137060895430581,0.9356547049691614,227602,45679
5,7,other,0.13377119842057109,0.08000259831090042,1.0,2552571,45679
5,8,period,0.16535327150092444,0.16462217533258663,0.9815173267865344,80788,45679
5,8,comma,0.17638837627727919,0.18484525045614983,1.0470203945068273,126748,45679
5,8,articles,0.1537860661120931,0.11027317516795268,0.9128557732014089,227602,45679
5,8,other,0.16846699185870445,0.12498233960544654,1.0,2552571,45679
5,9,period,0.3454406053269952,0.33360674659769474,0.9146906315389703,80788,45679
5,9,comma,0.3686985174751885,0.35025882073926917,0.9762751529387373,126748,45679
5,9,articles,0.3751454451086085,0.23050543089316616,0.9933459437420272,227602,45679
5,9,other,0.3776584053843321,0.27022651653979296,1.0,2552571,45679
5,10,period,0.1761399259873562,0.17259570851776648,0.9721076721722027,80788,45679
5,10,comma,0.17434662602150672,0.16701039164060263,0.9622105370080063,126748,45679
5,10,articles,0.26952009594947257,0.11778383382272506,1.4874682818697094,227602,45679
5,10,other,0.18119384408700986,0.15343383551197007,1.0,2552571,45679
5,11,period,0.16468325445632634,0.15717896872355383,0.6729084769476567,80788,45679
5,11,comma,0.1734780088869472,0.154271493073566,0.708844521742103,126748,45679
5,11,articles,0.14273341829150826,0.05768063414778794,0.5832197537579206,227602,45679
5,11,other,0.24473351146256478,0.12551555273965126,1.0,2552571,45679
6,0,period,0.09890539791103241,0.09838842085823997,0.7896204691428369,80788,45679
6,0,comma,0.1439238257286103,0.1633475210841793,1.1490292864994438,126748,45679
6,0,articles,0.12061918387119153,0.06622368917932507,0.9629745046035797,227602,45679
6,0,other,0.12525688197824708,0.09845535588303364,1.0,2552571,45679
6,1,period,0.1434602385891405,0.14935308334370073,0.8710500389563902,80788,45679
6,1,comma,0.1526267211124696,0.19104916907847797,0.9267063311636393,126748,45679
6,1,articles,0.14224731683796255,0.029185569513107495,0.8636855207525665,227602,45679
6,1,other,0.1646980450870779,0.06820323621821882,1.0,2552571,45679
6,2,period,0.2315628948182152,0.21174654438454824,0.7297463359974351,80788,45679
6,2,comma,0.23704006569818203,0.22413169378578615,0.7470070693477647,126748,45679
6,2,articles,0.25676587859295535,0.08600582595540114,0.809170913411954,227602,45679
6,2,other,0.3173197087748435,0.1635393012111949,1.0,2552571,45679
6,3,period,0.17729686113336937,0.17254085686589596,0.79812807436169,80788,45679
6,3,comma,0.21040647640853827,0.21517895718311406,0.9471759103667985,126748,45679
6,3,articles,0.18786542450842744,0.04447379199434818,0.8457040273784746,227602,45679
6,3,other,0.22214086539326927,0.09804997202222054,1.0,2552571,45679
6,4,period,0.13434471054504582,0.13039789283148345,0.7404703883314303,80788,45679
6,4,comma,0.13051239824338534,0.12978611629834563,0.7193477571038588,126748,45679
6,4,articles,0.14310414358974,0.04504029126409326,0.7887499280457466,227602,45679
6,4,other,0.18143157736229945,0.13472568135610555,1.0,2552571,45679
6,5,period,0.25729565898164397,0.2606641257783784,0.8912413119929002,80788,45679
6,5,comma,0.2988483029940406,0.31582626016727594,1.0351746885331718,126748,45679
6,5,articles,0.2787362746692431,0.08701410333786148,0.9655090339240917,227602,45679
6,5,other,0.28869359568432307,0.16045499667719557,1.0,2552571,45679
6,6,period,0.27878906140805015,0.27352542532027385,0.8478906864822002,80788,45679
6,6,comma,0.2734462534897693,0.2519648756916269,0.8316414224303974,126748,45679
6,6,articles,0.2327537095731601,0.07742680627226312,0.7078817999333701,227602,45679
6,6,other,0.3288030707881856,0.15563254312190666,1.0,2552571,45679
6,7,period,0.14407121896118677,0.14224711519618874,0.7963711756267748,80788,45679
6,7,comma,0.15628197235045457,0.15174472178470957,0.8638675992845741,126748,45679
6,7,articles,0.15056493236890195,0.047499918844728324,0.8322659658421522,227602,45679
6,7,other,0.18090963531897944,0.12838629175018135,1.0,2552571,45679
6,8,period,0.1284366457796255,0.12559853516758895,0.9577763524941182,80788,45679
6,8,comma,0.14288858437010646,0.14136914864188732,1.0655471911487635,126748,45679
6,8,articles,0.1280055046029293,0.03957164498839687,0.9545612512189369,227602,45679
6,8,other,0.13409878563525532,0.08551467145636281,1.0,2552571,45679
6,9,period,0.1697833867705346,0.1520762098468923,0.9108937771237972,80788,45679
6,9,comma,0.1734231731235314,0.12622133477129274,0.9304213575429923,126748,45679
6,9,articles,0.15736156107298152,0.03981111106678382,0.844250250076537,227602,45679
6,9,other,0.18639208109054825,0.056805476599508485,1.0,2552571,45679
6,10,period,0.2440940436115529,0.24215738329388037,0.8879208438591946,80788,45679
6,10,comma,0.32173954536765664,0.3103156127586562,1.1703655050278423,126748,45679
6,10,articles,0.25924589896421296,0.025367450057474455,0.9430375029620126,227602,45679
6,10,other,0.2749051847354324,0.08226501826010776,1.0,2552571,45679
6,11,period,0.12907388059272826,0.13013199832881314,1.0071083402585204,80788,45679
6,11,comma,0.13548028462283473,0.14353465469542032,1.0570947736109357,126748,45679
6,11,articles,0.10821632104647899,0.04851442921857749,0.8443657150271088,227602,45679
6,11,other,0.12816285540798475,0.09158646642724838,1.0,2552571,45679
7,0,period,0.1123960105115162,0.1163810761956779,0.9332363133873905,80788,45679
7,0,comma,0.11164047096217296,0.1040539013531883,0.9269629862431392,126748,45679
7,0,articles,0.13146300666462524,0.04513405188314347,1.0915516585345908,227602,45679
7,0,other,0.12043681637671134,0.07271124618014613,1.0,2552571,45679
7,1,period,0.18472243905175684,0.16837481453552608,0.8180498249363248,80788,45679
7,1,comma,0.2062323744085113,0.1860973696188895,0.9133073309724725,126748,45679
7,1,articles,0.18113001075909443,0.030636170947958234,0.8021406297622324,227602,45679
7,1,other,0.22580829849347528,0.08973005361577069,1.0,2552571,45679
7,2,period,0.21326819263743724,0.18885633648023348,1.0387874765299472,80788,45679
7,2,comma,0.17940756144086148,0.10212833285120669,0.8738589928239918,126748,45679
7,2,articles,0.19568040863453678,0.01453052548834051,0.9531208352170241,227602,45679
7,2,other,0.20530493239084494,0.025164851082848803,1.0,2552571,45679
7,3,period,0.36437780004078135,0.39008155774270475,1.3167758239898553,80788,45679
7,3,comma,0.2691556820848938,0.2557383126623674,0.972665445093584,126748,45679
7,3,articles,0.21348583599916393,0.05524927642714337,0.7714876910077942,227602,45679
7,3,other,0.276719691691111,0.13096747369398096,1.0,2552571,45679
7,4,period,0.23763406572708665,0.25426179778320795,1.1504353672189043,80788,45679
7,4,comma,0.22106689620167017,0.2398011832953365,1.0702302935126815,126748,45679
7,4,articles,0.18796043526457007,0.04330804120844469,0.9099551097802604,227602,45679
7,4,other,0.20656011845459005,0.0853324368460797,1.0,2552571,45679
7,5,period,0.14900468387392632,0.14934982715939504,0.7815460572386189,80788,45679
7,5,comma,0.16178203328176807,0.16214643973680565,0.848564668949565,126748,45679
7,5,articles,0.14138748932392553,0.05569839170831856,0.7415930288304002,227602,45679
7,5,other,0.19065374649882308,0.13071964067410455,1.0,2552571,45679
7,6,period,0.315573154746013,0.3047263631488862,0.7576116977464845,80788,45679
7,6,comma,0.3731032834820496,0.360348258757364,0.8957270534026461,126748,45679
7,6,articles,0.41957220856311445,0.08279060901109139,1.0072872437852995,227602,45679
7,6,other,0.4165368033316871,0.1992572328530902,1.0,2552571,45679
7,7,period,0.20401968199002674,0.17811357222608926,0.7453067999372133,80788,45679
7,7,comma,0.26295085470805474,0.22146253347081046,0.9605889890211454,126748,45679
7,7,articles,0.21798729933409922,0.02267385971850705,0.7963320739887975,227602,45679
7,7,other,0.2737391930507194,0.07454695171557461,1.0,2552571,45679
7,8,period,0.09465733826131688,0.09477690912978427,0.6873701352603911,80788,45679
7,8,comma,0.12018899795468048,0.11347804524166367,0.8727725636320914,126748,45679
7,8,articles,0.09516172340213852,0.02403165276143676,0.6910328125428727,227602,45679
7,8,other,0.13770941361230157,0.08178763865474929,1.0,2552571,45679
7,9,period,0.17722391767263423,0.19953948094033763,0.9541770895091951,80788,45679
7,9,comma,0.1559034963534454,0.16548198599843048,0.8393875180528662,126748,45679
7,9,articles,0.13653622503530377,0.04975907992258811,0.735113744959694,227602,45679
7,9,other,0.1857348280745179,0.08626656607254304,1.0,2552571,45679
7,10,period,0.1995444689416236,0.20382272273090213,1.322781190091749,80788,45679
7,10,comma,0.1737916840724952,0.1332807932295942,1.1520658623352669,126748,45679
7,10,articles,0.1407393402497475,0.02394098454827593,0.9329617251518585,227602,45679
7,10,other,0.15085221232075657,0.043213557588598045,1.0,2552571,45679
7,11,period,0.1939089804339878,0.17771170976234393,0.9875567214067779,80788,45679
7,11,comma,0.19728532794772066,0.1920837723459205,1.004752081175724,126748,45679
7,11,articles,0.168904289748738,0.031117953517979562,0.8602106320320143,227602,45679
7,11,other,0.19635224613505117,0.06549015690547713,1.0,2552571,45679
8,0,period,0.17066385082996657,0.15547427461206473,0.7682222632252298,80788,45679
8,0,comma,0.21006874916764165,0.21488927035757627,0.9455985502122657,126748,45679
8,0,articles,0.18106388926973926,0.05780577536792413,0.8150367528138398,227602,45679
8,0,other,0.2221542631600756,0.1012391258427483,1.0,2552571,45679
8,1,period,0.21789362598216677,0.22948068681805475,1.1447156285193223,80788,45679
8,1,comma,0.17368103061118464,0.17020824178751245,0.9124424325025354,126748,45679
8,1,articles,0.17975513007635183,0.02881359534606356,0.9443530336301095,227602,45679
8,1,other,0.190347384584947,0.04990669812187175,1.0,2552571,45679
8,2,period,0.19903537738951907,0.1917908012070773,0.9205152834311869,80788,45679
8,2,comma,0.19494178202822982,0.19314800363203688,0.9015828848612822,126748,45679
8,2,articles,0.17970944749177492,0.05709483800204399,0.8311351236288522,227602,45679
8,2,other,0.21622169775130948,0.14358801496501866,1.0,2552571,45679
8,3,period,0.18457757510695588,0.18207980922937286,0.7990526095998833,80788,45679
8,3,comma,0.23010548957709032,0.22907285636789507,0.9961469686839748,126748,45679
8,3,articles,0.22006348234653264,0.07312821340050818,0.95267423328506,227602,45679
8,3,other,0.2309955225593732,0.11987511451299235,1.0,2552571,45679
8,4,period,0.11732572135839202,0.1050786820089508,0.8321935350159027,80788,45679
8,4,comma,0.11520322211228991,0.11483559019166183,0.8171386081828791,126748,45679
8,4,articles,0.10823024775543598,0.0355722176502356,0.7676791707089798,227602,45679
8,4,other,0.1409836972071046,0.06538906763361549,1.0,2552571,45679
8,5,period,0.1494711594637725,0.13782751817215633,0.8798471723827994,80788,45679
8,5,comma,0.17993593651291342,0.17639049060365064,1.0591750643996913,126748,45679
8,5,articles,0.1414926311689631,0.05712031048849156,0.832882355991811,227602,45679
8,5,other,0.16988309351381464,0.11133638853632917,1.0,2552571,45679
8,6,period,0.1274071256066702,0.11655309686573737,0.6904983267250685,80788,45679
8,6,comma,0.15371650124782343,0.13236502287361285,0.8330851700503095,126748,45679
8,6,articles,0.12851410668590313,0.026094565807489683,0.696497744569926,227602,45679
8,6,other,0.18451474924051353,0.07727365423052515,1.0,2552571,45679
8,7,period,0.14420787948709785,0.11640523426225691,0.9675454770137241,80788,45679
8,7,comma,0.15452935837249177,0.1293980726834531,1.0367962020585302,126748,45679
8,7,articles,0.1578787993701056,0.06254226708563596,1.0592688748368269,227602,45679
8,7,other,0.14904506600784032,0.09024735576273442,1.0,2552571,45679
8,8,period,0.12412719522627144,0.11393538622482832,0.6432923778887745,80788,45679
8,8,comma,0.15695302712713188,0.1486471778268103,0.8134130949579731,126748,45679
8,8,articles,0.1322464634296907,0.03024968997150791,0.6853706939239768,227602,45679
8,8,other,0.19295611061589957,0.11967619968210742,1.0,2552571,45679
8,9,period,0.2204331671006719,0.2257060906267149,0.7863713022828023,80788,45679
8,9,comma,0.25386188336838283,0.25638433626339885,0.9056246047274235,126748,45679
8,9,articles,0.22728483657913434,0.05346060482931421,0.8108138864975868,227602,45679
8,9,other,0.28031690177498064,0.13138803318602052,1.0,2552571,45679
8,10,period,0.3307426714870591,0.3094829360951308,0.7748627072185518,80788,45679
8,10,comma,0.401363709350544,0.3796765103430526,0.9403134134713881,126748,45679
8,10,articles,0.31224117239372523,0.10391240351463917,0.7315174635866813,227602,45679
8,10,other,0.42684035301465656,0.2387673464977062,1.0,2552571,45679
8,11,period,0.23095857333753847,0.232922266420192,1.1097389341455743,80788,45679
8,11,comma,0.15692168657856306,0.1518040794474979,0.7539971462913282,126748,45679
8,11,articles,0.16947215814415817,0.0336175929596227,0.8143012377868749,227602,45679
8,11,other,0.20811973540007525,0.11168178555558557,1.0,2552571,45679
9,0,period,0.13261089448213242,0.1254496111702108,0.9330191840604153,80788,45679
9,0,comma,0.11899996148630808,0.1107363953080566,0.8372558484185154,126748,45679
9,0,articles,0.11602086237353772,0.024399883669047016,0.816295605036652,227602,45679
9,0,other,0.14213094087199984,0.0961963271135405,1.0,2552571,45679
9,1,period,0.12582746439310952,0.10587162401015665,0.6288431702580012,80788,45679
9,1,comma,0.1403694363100446,0.1082780942277858,0.7015190345150977,126748,45679
9,1,articles,0.13679927219168211,0.023084850590443014,0.6836765600333871,227602,45679
9,1,other,0.20009355328051848,0.048770931082167984,1.0,2552571,45679
9,2,period,0.11105415449140106,0.10907632444880512,0.6725012140305693,80788,45679
9,2,comma,0.13071100531935387,0.12423859316441023,0.7915355365766892,126748,45679
9,2,articles,0.13119083291009195,0.017616662985992248,0.7944411877769936,227602,45679
9,2,other,0.1651359910948101,0.09023526160677467,1.0,2552571,45679
9,3,period,0.1453137189029712,0.12594710473760704,0.8795909155856736,80788,45679
9,3,comma,0.16850562773115924,0.14875477299856357,1.0199726529355135,126748,45679
9,3,articles,0.1791638769629569,0.07467634838723464,1.0844875471320967,227602,45679
9,3,other,0.1652060251284137,0.10910052191421027,1.0,2552571,45679
9,4,period,0.2111207054758955,0.17704954278132426,0.7705713918364251,80788,45679
9,4,comma,0.2563778510547847,0.22462108363653027,0.9357558609800737,126748,45679
9,4,articles,0.23629403376956887,0.0449885278788415,0.862451752773481,227602,45679
9,4,other,0.2739794232079559,0.09141037744538157,1.0,2552571,45679
9,5,period,0.3406737960729082,0.2788284548810438,1.0180388168332635,80788,45679
9,5,comma,0.287338516217777,0.25593777399407175,0.8586564815169057,126748,45679
9,5,articles,0.2843998720462943,0.04926318110681022,0.8498749025697829,227602,45679
9,5,other,0.33463733449046323,0.13242411043009014,1.0,2552571,45679
9,6,period,0.16206686900334258,0.12319175909083847,0.7757663361069794,80788,45679
9,6,comma,0.1858794981437879,0.09891414460234565,0.889750373529067,126748,45679
9,6,articles,0.20537201433711402,0.011081699425337974,0.983055303536018,227602,45679
9,6,other,0.20891196415745641,0.05890413936124271,1.0,2552571,45679
9,7,period,0.2069155751260662,0.1952044160023375,1.0216240650517603,80788,45679
9,7,comma,0.17601975575668383,0.15726668029326632,0.8690791802212076,126748,45679
9,7,articles,0.17703005113546452,0.053436224530404676,0.8740674082516209,227602,45679
9,7,other,0.2025359251062502,0.09969901576523886,1.0,2552571,45679
9,8,period,0.20898979828120615,0.20004170587476036,1.2068360886282294,80788,45679
9,8,comma,0.17369577259801042,0.15426004634958895,1.0030266000419028,126748,45679
9,8,articles,0.17948632315410346,0.018241012047280684,1.0364648130149412,227602,45679
9,8,other,0.1731716512710172,0.11828083600252295,1.0,2552571,45679
9,9,period,0.28464304238079796,0.31525180692831883,1.2674160886521206,80788,45679
9,9,comma,0.2149443602986219,0.15198334071197148,0.9570721916436672,126748,45679
9,9,articles,0.23202058403703357,0.018540725436738067,1.033106654030183,227602,45679
9,9,other,0.22458531569021808,0.06975474068668212,1.0,2552571,45679
9,10,period,0.12682934142878421,0.10967353566548182,0.8319201033228513,80788,45679
9,10,comma,0.14297350536738618,0.12628647119562608,0.9378155876055969,126748,45679
9,10,articles,0.1261779510484772,0.039125039117107796,0.8276473952382414,227602,45679
9,10,other,0.15245375237622347,0.07785745105011982,1.0,2552571,45679
9,11,period,0.12357211878057765,0.11782299505201156,0.662137383910292,80788,45679
9,11,comma,0.15303966941231234,0.16919536203317012,0.8200335750421025,126748,45679
9,11,articles,0.14857704044026365,0.028309332510117614,0.7961214377244488,227602,45679
9,11,other,0.1866261017476692,0.06260818247887427,1.0,2552571,45679
10,0,period,0.11062261558370033,0.11174108359544214,0.646913983016254,80788,45679
10,0,comma,0.11849132586651248,0.11108971570208002,0.6929296976456323,126748,45679
10,0,articles,0.12205358304146971,0.01769892945843216,0.7137615498434876,227602,45679
10,0,other,0.17100050159361121,0.1265103846156975,1.0,2552571,45679
10,1,period,0.12520993588505686,0.10591377301638258,0.7611166689809667,80788,45679
10,1,comma,0.1266603043966121,0.0867363611749321,0.7699330591700264,126748,45679
10,1,articles,0.12721766966823625,0.033198871935871295,0.7733211289421704,227602,45679
10,1,other,0.1645082035224589,0.07644623571005008,1.0,2552571,45679
10,2,period,0.1569360601508788,0.11566450968005001,0.7695549150388712,80788,45679
10,2,comma,0.17532165343386782,0.13931212127816633,0.8597108910664791,126748,45679
10,2,articles,0.19955784454716127,0.035066993946706086,0.9785559797932203,227602,45679
10,2,other,0.20393094382738333,0.08821737286820497,1.0,2552571,45679
10,3,period,0.09672496906896098,0.07809374361260799,0.6720797859488116,80788,45679
10,3,comma,0.10475716427533177,0.08828118970749911,0.7278903598570647,126748,45679
10,3,articles,0.12370829028534179,0.04406258176324845,0.8595695822429179,227602,45679
10,3,other,0.14391887851887866,0.08585037774398033,1.0,2552571,45679
10,4,period,0.09985818445085869,0.07876927629157274,0.7353701993396516,80788,45679
10,4,comma,0.1076074739942278,0.08934765268793946,0.7924370950336382,126748,45679
10,4,articles,0.10294653940074418,0.03399188745773335,0.7581132945362854,227602,45679
10,4,other,0.13579308019352623,0.07892373609471513,1.0,2552571,45679
10,5,period,0.18291797342343163,0.1923558668262263,0.8940194368380002,80788,45679
10,5,comma,0.1838860911702108,0.17775066033353273,0.8987511538287895,126748,45679
10,5,articles,0.15588649256236434,0.029797247631724262,0.7619019152844139,227602,45679
10,5,other,0.20460178591908743,0.06644487183706121,1.0,2552571,45679
10,6,period,0.11221031126221048,0.11029921839795205,0.6513858726198665,80788,45679
10,6,comma,0.12029859835213653,0.10189643091329792,0.6983387407191265,126748,45679
10,6,articles,0.11772767180569824,0.03175485784072636,0.6834143971979685,227602,45679
10,6,other,0.17226396208272357,0.08957238064226614,1.0,2552571,45679
10,7,period,0.2832642011941007,0.28697836025208934,1.3066451363078762,80788,45679
10,7,comma,0.21756284153452676,0.20194145112412593,1.00357696995963,126748,45679
10,7,articles,0.25415661331787076,0.08768587582447183,1.1723772409374038,227602,45679
10,7,other,0.21678739951882162,0.16160354572614444,1.0,2552571,45679
10,8,period,0.1963773045790901,0.19789311566602344,0.9499561462284305,80788,45679
10,8,comma,0.2117723180740434,0.24593786837649964,1.0244280294338064,126748,45679
10,8,articles,0.19848947242988135,0.041305130336660556,0.9601735531534611,227602,45679
10,8,other,0.20672249488437794,0.0644183591215507,1.0,2552571,45679
10,9,period,0.11445915257747682,0.1268297930887393,0.7814725466874411,80788,45679
10,9,comma,0.1457050836966844,0.14368846949680666,0.9948048736834775,126748,45679
10,9,articles,0.12513534818710484,0.03597900418607209,0.8543645224194983,227602,45679
10,9,other,0.14646599303155824,0.08096541272241191,1.0,2552571,45679
10,10,period,0.2574338689420282,0.2570492763235413,1.219955537271812,80788,45679
10,10,comma,0.25825375985388055,0.23935912807743495,1.2238409252434248,126748,45679
10,10,articles,0.2545774541265705,0.0314309690914427,1.206419248961405,227602,45679
10,10,other,0.21101905854513997,0.09627057245350008,1.0,2552571,45679
10,11,period,0.08562465824847479,0.08360187723241243,0.6236855375021085,80788,45679
10,11,comma,0.10211786582426292,0.10037554675165385,0.7438211998505477,126748,45679
10,11,articles,0.11183509269103413,0.04535523476642122,0.8146009727034231,227602,45679
10,11,other,0.1372881894799193,0.07370455387406882,1.0,2552571,45679
11,0,period,0.28427269985245396,0.2412231610454013,1.3676439043301614,80788,45679
11,0,comma,0.2894491236401737,0.27192441943519147,1.3925478238524336,126748,45679
11,0,articles,0.28995012525434544,0.19740763620761348,1.3949581566210643,227602,45679
11,0,other,0.20785578684071554,0.18546789658080415,1.0,2552571,45679
11,1,period,0.13613377314256098,0.11533150456912701,0.837421466912815,80788,45679
11,1,comma,0.13089421694655343,0.12004311965875329,0.8051905462944766,126748,45679
11,1,articles,0.13229407441247562,0.040764315272260085,0.8138017135714888,227602,45679
11,1,other,0.1625630325007348,0.08163742495482357,1.0,2552571,45679
11,2,period,0.1664799467410778,0.14443155690162532,0.7833207405883654,80788,45679
11,2,comma,0.1619427615557433,0.1352468191485205,0.7619723960631816,126748,45679
11,2,articles,0.19014984441497665,0.035901974701537845,0.8946922429135423,227602,45679
11,2,other,0.21253100819982362,0.11769833700686823,1.0,2552571,45679
11,3,period,0.17679945226493682,0.1572457718296153,0.9125645199996709,80788,45679
11,3,comma,0.18519571094861814,0.17047487233996664,0.9559024810471118,126748,45679
11,3,articles,0.1960825936126349,0.05167250810611165,1.012095997063742,227602,45679
11,3,other,0.19373912571683213,0.10147449271423606,1.0,2552571,45679
11,4,period,0.19179955177076177,0.17817534713098226,1.0503029192709874,80788,45679
11,4,comma,0.193638186003565,0.19117061990112774,1.060371362519973,126748,45679
11,4,articles,0.20501135662886066,0.09896909508620817,1.122651353264644,227602,45679
11,4,other,0.18261355676692714,0.1300955630613427,1.0,2552571,45679
11,5,period,0.14641422196924617,0.12753248085287544,0.926287137625142,80788,45679
11,5,comma,0.12100545091671094,0.10306120128617938,0.765538970594148,126748,45679
11,5,articles,0.1324297348379931,0.03187828658260301,0.8378145126182291,227602,45679
11,5,other,0.15806569693349057,0.07144379548495572,1.0,2552571,45679
11,6,period,0.21450028859240058,0.21529222425574354,1.0557431041409404,80788,45679
11,6,comma,0.19335502852999747,0.15779463116246525,0.951668826932999,126748,45679
11,6,articles,0.22092264825366448,0.023858637613849425,1.0873531405151875,227602,45679
11,6,other,0.20317470012455327,0.0926720766324823,1.0,2552571,45679
11,7,period,0.13579185852603795,0.08729460077765316,0.8687105853285647,80788,45679
11,7,comma,0.12382675772302545,0.10613603281646229,0.7921654239696664,126748,45679
11,7,articles,0.1629455328715805,0.042467244969566845,1.042422651652588,227602,45679
11,7,other,0.1563142671672161,0.07819537573484937,1.0,2552571,45679
11,8,period,0.10981050861056228,0.1091530034552147,1.0213315798197766,80788,45679
11,8,comma,0.11837525727068135,0.11193694610315078,1.1009910622361738,126748,45679
11,8,articles,0.12491089532491688,0.08654923762860972,1.1617780818349572,227602,45679
11,8,other,0.10751700111920495,0.09513786159973027,1.0,2552571,45679
11,9,period,0.12620885345315339,0.0987979545574384,0.7183349649248676,80788,45679
11,9,comma,0.1349108477491978,0.09543156851391443,0.7678635565917407,126748,45679
11,9,articles,0.13801528793408513,0.01840356196634417,0.7855329028404977,227602,45679
11,9,other,0.17569638067994348,0.06477633403549221,1.0,2552571,45679
11,10,period,0.14807958750364986,0.15389307509848918,0.946603900227683,80788,45679
11,10,comma,0.13445913248248567,0.1263663025473922,0.8595346689901773,126748,45679
11,10,articles,0.11593460247698083,0.0489566132418776,0.7411159682853052,227602,45679
11,10,other,0.15643247135156832,0.12595946681573428,1.0,2552571,45679
11,11,period,0.11885116035778122,0.07147469642484065,0.8717153800843757,80788,45679
11,11,comma,0.12980757015658329,0.09557049886124093,0.9520753101294139,126748,45679
11,11,articles,0.11555769265404656,0.05373191081140442,0.8475593984135689,227602,45679
11,11,other,0.1363417040390836,0.08429035065540078,1.0,2552571,45679
